anime_id,count
1,12443
5,4078
6,7524
7,2168
8,315
15,2581
16,4881
17,481
18,1725
19,8133
20,15268
21,11249
22,2550
23,93
24,5634
25,2106
26,3697
27,3305
28,1800
29,383
30,12617
31,2965
32,6877
33,6050
43,6896
44,4094
45,5993
46,1039
47,6996
48,2981
49,1107
50,3015
51,1251
52,1203
53,2194
54,1463
55,364
56,461
57,4998
58,1373
59,6990
60,4225
61,3412
62,1806
63,2774
64,4010
65,2232
66,5208
67,3115
68,4255
69,277
71,7301
72,4785
73,4383
74,1646
75,1025
76,2302
77,1499
79,4912
80,1760
81,1121
82,856
83,277
84,694
85,1038
86,638
87,680
88,497
89,472
90,2216
91,751
92,630
93,2646
94,1801
95,723
96,981
97,3076
98,2505
99,1207
100,1287
101,5686
102,2073
103,314
104,1325
105,592
106,1052
107,804
108,346
109,1602
110,398
111,295
112,230
113,567
114,2484
115,236
116,346
117,388
118,218
119,975
120,6145
121,12257
122,1959
123,2101
124,449
125,862
126,852
127,515
128,273
129,1155
130,618
131,446
132,2260
133,2538
134,3449
135,2249
136,4496
137,1645
138,1705
139,1673
141,302
142,977
143,1629
144,1286
145,3603
146,1429
147,3213
148,242
149,2382
150,5626
151,492
152,657
153,2616
154,4437
155,833
156,1692
157,2526
158,1436
159,455
160,2395
161,1268
162,563
163,169
164,10184
165,2320
166,2143
167,1893
168,1550
169,3412
170,2973
171,120
173,1067
174,3316
175,606
176,232
177,4171
178,783
179,166
180,1661
181,1060
182,2657
183,329
184,502
185,3175
186,1967
187,1743
188,72
189,4628
190,1969
191,1519
192,1425
193,1947
194,894
195,3299
196,2012
197,620
198,2173
199,13571
200,651
201,627
202,4870
203,238
204,766
205,10338
206,554
207,1121
208,1435
209,1544
210,3186
211,94
212,381
213,84
214,57
215,64
216,79
217,66
218,1073
219,369
220,60
221,661
222,472
223,7596
225,5470
226,14435
227,8795
228,5890
229,871
230,718
231,217
232,5224
233,459
234,91
235,3266
236,404
237,6669
238,1310
239,3997
240,3868
241,2536
242,912
243,2036
244,180
245,8303
246,1744
247,593
248,2392
249,7266
250,1497
251,1993
252,1027
253,723
254,266
255,223
256,3410
257,2908
258,508
259,296
260,610
261,375
262,251
263,4837
264,1652
265,1453
266,385
267,3056
268,4426
269,13158
270,7581
271,292
272,2227
273,713
274,1082
275,586
276,1349
277,726
278,166
279,828
280,70
281,560
282,390
283,580
284,310
285,580
286,224
287,1077
288,1646
289,455
290,1124
291,853
292,470
293,466
294,288
295,168
296,439
297,1248
298,1285
299,677
300,614
301,170
302,776
303,484
304,950
305,114
306,1627
307,41
308,504
309,145
310,49
311,249
312,46
313,87
314,60
315,92
316,124
317,3956
318,672
319,192
320,1193
321,383
322,3032
323,4881
324,648
325,1579
326,1324
327,333
328,267
329,3676
330,3079
331,220
332,74
333,100
334,913
335,883
336,389
337,283
338,1519
339,7467
340,519
341,1398
342,402
343,1646
344,270
345,1099
346,455
347,189
348,494
349,151
350,772
351,319
352,300
353,223
354,277
355,8499
356,10220
357,3632
358,761
359,159
360,156
361,223
362,142
363,116
364,393
365,426
366,672
367,55
368,1256
369,2062
370,243
371,1653
372,1789
373,252
374,135
375,170
376,3803
377,239
378,123
379,2203
380,544
381,493
382,829
383,641
384,4790
385,931
386,217
387,4558
388,423
389,1551
390,2367
391,567
392,5868
393,1205
394,1228
395,2630
396,738
397,533
398,434
399,107
400,2363
401,1615
402,53
403,760
404,744
405,2218
406,334
407,663
408,1620
411,1401
412,2014
413,1513
415,735
416,2696
417,1023
418,478
419,1223
420,553
421,298
422,89
423,107
424,455
425,209
426,358
427,1593
428,402
429,379
430,4875
431,10035
432,442
433,4036
434,181
435,1265
437,5615
438,429
439,213
440,3001
441,867
442,3929
443,1290
444,628
445,410
446,271
447,476
448,1086
449,1479
450,1628
451,1522
452,1593
454,467
455,769
456,487
457,9010
458,241
459,1784
460,1515
461,1441
462,1521
463,1335
464,1486
465,1219
466,728
467,5393
468,2640
469,3300
470,578
471,583
472,690
473,194
474,855
475,192
476,1168
477,3281
478,1496
479,2070
481,3974
482,2201
483,723
484,242
485,319
486,4286
487,1663
488,1886
489,1390
490,1423
492,361
493,292
495,434
496,140
497,843
498,134
499,361
501,384
502,1014
503,165
504,264
505,218
506,195
507,738
508,920
509,895
510,155
511,152
512,5304
513,5034
514,1732
515,121
516,1020
517,1473
518,173
519,670
520,215
521,1022
522,1695
523,8435
524,928
525,510
526,351
527,6424
528,3716
529,2115
530,4273
531,990
532,1906
533,214
534,2421
535,1269
536,556
537,415
538,648
539,916
540,541
541,410
543,2411
544,277
545,94
546,343
547,106
548,912
550,2770
551,657
552,4423
553,1196
554,588
555,304
556,162
557,197
558,1085
559,238
560,391
561,541
562,72
563,848
564,822
565,1532
566,620
567,1373
568,651
569,877
570,2434
571,87
572,4565
573,604
574,109
576,846
577,272
578,6590
579,816
580,197
581,272
582,341
584,2011
585,3775
586,1515
587,2516
588,397
589,447
590,647
591,1618
592,57
593,941
594,1936
595,355
596,1312
597,3313
598,212
599,145
600,332
601,1443
602,74
603,721
604,291
605,180
606,350
607,186
608,160
609,442
610,540
611,50
612,180
613,162
614,242
615,406
616,76
617,2183
618,756
619,114
620,582
621,453
622,323
623,134
624,436
625,96
626,199
627,1536
629,221
630,248
631,300
632,186
633,277
634,1867
635,427
636,246
637,499
641,535
642,560
644,915
645,570
646,116
647,116
648,236
649,549
650,683
651,694
652,249
653,230
654,108
655,193
656,1269
658,1793
659,1062
660,92
661,93
664,898
665,861
666,995
667,1192
668,468
669,362
670,1100
671,269
673,345
675,124
676,68
677,84
678,317
679,133
681,66
682,381
683,61
684,161
685,252
686,120
687,1980
688,714
689,211
690,944
691,375
692,49
693,249
694,762
695,238
696,1136
704,404
705,81
706,232
707,116
708,153
709,548
710,2666
711,99
712,296
713,1570
714,71
715,154
718,198
719,715
721,2446
722,183
723,100
724,550
725,89
727,56
729,109
730,211
731,1284
732,1390
733,262
734,186
736,379
738,972
740,2150
741,1032
743,1435
744,125
746,1002
747,569
748,181
749,53
750,297
751,80
752,226
753,104
754,133
755,386
756,883
757,161
758,394
759,3533
760,568
761,1763
762,2317
763,755
764,428
765,70
766,274
767,207
769,236
770,1756
771,221
773,97
776,239
777,7938
779,1022
780,901
781,895
782,439
783,149
785,716
786,134
788,687
789,1329
790,7666
791,148
792,479
793,1510
795,695
796,41
797,279
798,357
799,179
800,759
801,3167
807,1166
808,142
810,101
811,694
812,705
813,8508
814,361
815,474
816,276
817,277
818,321
819,1215
820,3814
821,514
822,682
823,114
824,241
825,322
827,134
828,51
830,410
831,512
832,72
833,347
834,2234
835,228
836,595
837,962
838,739
839,64
840,485
841,578
842,233
844,155
845,1522
846,2878
848,81
849,12270
850,1158
851,564
852,386
853,10106
854,580
855,2527
856,3102
857,4977
858,117
859,1084
860,1085
861,5128
863,957
864,291
865,91
866,447
867,432
868,418
869,432
870,456
872,691
873,1320
874,2364
875,1416
876,510
877,6499
878,800
879,1015
880,1323
881,800
882,542
883,552
884,534
885,1876
886,1073
887,158
888,517
889,9432
890,422
891,937
892,879
893,912
894,1874
895,1742
896,1891
897,1686
898,1957
899,1820
900,1723
901,2163
902,1689
903,1828
904,1673
905,1898
906,1698
907,1358
908,1580
909,327
910,597
911,122
912,125
913,147
914,408
915,220
916,1090
917,414
918,10138
919,385
920,162
921,183
924,68
925,87
926,61
927,106
928,118
929,231
930,274
932,266
933,755
934,10427
935,2039
936,3154
937,594
938,96
940,1780
941,703
942,478
943,270
944,568
949,2059
950,300
951,199
952,167
953,1516
956,38
957,1957
958,424
959,200
960,84
961,175
962,1733
963,1092
964,168
965,150
966,910
967,1689
968,77
969,2406
970,122
971,365
972,617
973,293
974,1640
975,719
976,438
977,212
978,273
979,375
980,130
981,718
982,374
983,110
984,811
985,1500
986,1612
987,1135
988,35
989,23
990,1206
991,159
992,365
993,134
994,84
995,819
996,1507
997,872
998,531
999,128
1000,630
1001,60
1002,1409
1003,690
1004,2385
1005,291
1006,446
1007,563
1008,411
1009,97
1010,373
1011,389
1012,59
1013,1366
1014,168
1015,1883
1016,1082
1017,785
1018,336
1019,476
1020,238
1021,333
1022,225
1023,1342
1024,151
1025,759
1026,112
1027,69
1028,284
1029,1871
1030,1332
1031,93
1032,186
1033,2619
1034,849
1035,90
1036,157
1037,250
1038,43
1039,110
1040,99
1041,320
1042,285
1043,489
1044,195
1045,519
1046,283
1047,711
1048,627
1049,345
1050,1130
1051,1051
1052,42
1053,79
1055,609
1056,193
1057,187
1058,64
1059,98
1060,929
1062,256
1064,204
1065,732
1066,1116
1067,938
1068,74
1069,160
1070,241
1071,99
1072,1200
1074,1606
1075,65
1076,68
1078,688
1079,629
1080,408
1081,166
1082,366
1083,95
1084,252
1085,352
1086,489
1087,833
1088,1731
1089,881
1090,562
1091,478
1092,479
1093,54
1094,741
1095,691
1096,537
1097,280
1098,280
1099,55
1100,101
1101,341
1102,117
1103,401
1104,195
1105,182
1106,258
1107,758
1108,430
1109,245
1110,582
1111,190
1112,191
1113,96
1115,113
1116,135
1117,2905
1118,2641
1119,2153
1120,1584
1121,1479
1122,1630
1123,173
1124,238
1126,335
1127,478
1128,255
1129,126
1130,235
1132,1853
1133,506
1135,341
1136,313
1137,301
1138,979
1139,22
1140,1618
1141,159
1142,2295
1143,570
1144,333
1145,262
1146,361
1147,249
1148,196
1149,234
1150,118
1151,343
1152,199
1153,243
1154,29
1155,70
1156,278
1157,780
1158,75
1159,45
1160,107
1161,163
1162,91
1163,252
1164,482
1165,149
1166,110
1167,196
1168,207
1169,126
1170,430
1171,459
1172,1060
1174,512
1175,80
1176,56
1177,632
1178,162
1179,156
1180,213
1181,187
1182,296
1183,110
1184,376
1185,128
1186,183
1187,323
1188,71
1189,168
1190,414
1191,237
1192,946
1193,132
1194,513
1195,9586
1196,220
1198,587
1199,95
1200,171
1202,437
1203,232
1204,221
1205,761
1206,201
1207,124
1208,120
1209,223
1210,9339
1211,320
1212,862
1214,535
1215,500
1216,271
1217,225
1218,1153
1219,603
1220,398
1221,537
1222,3907
1223,363
1224,320
1225,331
1226,205
1227,77
1228,113
1230,756
1231,280
1232,167
1233,170
1234,109
1235,194
1236,65
1237,670
1238,653
1239,1588
1240,745
1241,583
1243,756
1244,53
1245,217
1246,313
1247,86
1248,226
1249,244
1250,1998
1251,1096
1252,143
1253,727
1254,2231
1255,299
1256,352
1257,783
1258,311
1259,442
1260,285
1261,286
1262,290
1263,170
1264,335
1265,65
1266,61
1267,53
1268,81
1269,280
1270,306
1271,123
1272,211
1273,122
1274,89
1275,83
1276,188
1277,112
1278,519
1279,269
1280,287
1281,1997
1283,124
1284,61
1285,362
1286,181
1287,93
1288,540
1289,207
1290,233
1292,3881
1293,1216
1295,126
1296,155
1297,141
1298,134
1299,483
1300,106
1301,366
1302,197
1303,1445
1311,1067
1312,204
1313,2880
1314,43
1316,178
1317,242
1324,256
1325,165
1327,288
1328,112
1329,89
1331,140
1332,94
1333,25
1335,669
1336,199
1337,96
1338,154
1339,180
1340,90
1341,261
1342,195
1343,176
1344,86
1345,104
1346,310
1347,762
1348,212
1349,218
1350,315
1351,310
1352,454
1353,84
1355,24
1356,444
1357,286
1358,366
1359,292
1360,225
1361,1717
1362,576
1363,849
1364,850
1365,944
1366,748
1367,781
1368,309
1369,399
1370,273
1371,219
1372,575
1373,145
1374,405
1375,295
1376,147
1377,114
1378,123
1379,1173
1380,245
1381,104
1382,199
1383,73
1384,502
1385,113
1386,122
1387,277
1388,119
1389,113
1390,82
1391,124
1392,56
1393,56
1394,49
1395,57
1396,16
1397,564
1398,310
1399,214
1400,201
1401,572
1402,32
1403,129
1404,50
1405,50
1406,124
1407,110
1408,325
1409,81
1410,208
1411,64
1412,1383
1413,145
1414,141
1415,148
1416,220
1417,158
1418,202
1419,212
1420,144
1421,137
1422,140
1423,131
1424,142
1425,487
1426,317
1427,130
1428,108
1429,136
1430,1439
1431,150
1432,206
1433,169
1434,150
1435,238
1436,154
1437,154
1438,152
1439,162
1440,84
1441,390
1442,183
1443,142
1444,123
1445,279
1448,243
1450,295
1451,124
1452,62
1453,1163
1454,1486
1455,174
1456,105
1457,429
1458,66
1459,393
1460,109
1462,1720
1465,160
1466,85
1468,337
1469,728
1470,1050
1471,373
1472,300
1473,299
1474,174
1475,172
1476,164
1477,171
1478,158
1479,133
1480,252
1481,129
1482,8226
1483,504
1484,208
1485,393
1486,975
1487,586
1488,355
1489,208
1490,279
1491,626
1492,276
1493,128
1494,225
1495,99
1496,332
1497,110
1498,1938
1499,28
1500,258
1501,205
1502,145
1503,31
1504,214
1505,708
1506,748
1508,229
1509,407
1510,123
1511,65
1512,76
1513,53
1514,198
1515,115
1516,550
1517,310
1519,5763
1520,652
1521,297
1524,437
1525,490
1526,1657
1527,524
1528,53
1529,80
1530,5104
1531,1121
1532,1042
1533,440
1534,213
1535,20363
1536,3113
1537,45
1538,876
1539,95
1540,111
1541,230
1542,215
1543,958
1544,116
1546,1669
1547,14
1548,108
1549,120
1550,184
1552,35
1553,174
1554,680
1555,980
1556,608
1557,1299
1558,111
1559,3895
1560,84
1561,274
1562,2949
1563,680
1564,2273
1565,1696
1566,1696
1567,356
1568,1279
1569,1661
1570,961
1571,4015
1572,165
1573,253
1574,52
1575,16497
1576,1032
1577,469
1578,288
1579,2037
1580,52
1581,792
1582,83
1583,449
1584,85
1585,61
1586,118
1587,427
1588,663
1589,1745
1590,54
1591,371
1592,587
1593,862
1594,2826
1595,58
1596,179
1597,127
1598,191
1599,96
1600,139
1601,1065
1602,583
1603,199
1604,6653
1606,2006
1607,813
1608,195
1609,524
1611,116
1613,96
1614,709
1617,93
1618,124
1619,561
1620,56
1621,70
1622,239
1623,106
1624,118
1625,92
1626,131
1627,54
1628,201
1629,432
1630,123
1631,329
1632,123
1633,151
1634,253
1635,210
1636,149
1637,311
1638,113
1639,2125
1640,542
1641,60
1642,645
1643,46
1644,74
1645,137
1647,256
1648,157
1650,498
1651,159
1652,110
1654,482
1655,232
1656,13
1657,303
1658,187
1659,180
1660,112
1661,312
1662,74
1663,220
1664,79
1665,60
1666,31
1667,41
1668,798
1669,952
1670,224
1671,44
1672,60
1673,43
1674,438
1675,218
1676,124
1677,63
1678,497
1679,281
1681,887
1682,475
1683,146
1684,57
1685,487
1686,4174
1688,699
1689,10729
1690,3011
1691,5739
1692,338
1693,257
1694,571
1695,457
1696,1461
1698,5357
1699,3194
1701,115
1702,81
1703,258
1704,183
1705,49
1706,206
1707,227
1708,55
1709,1392
1710,647
1711,65
1712,31
1713,38
1718,238
1719,1424
1720,214
1721,597
1722,1967
1723,3098
1724,199
1725,206
1726,4477
1727,887
1728,419
1729,498
1731,1266
1732,514
1733,126
1734,392
1735,12550
1736,99
1737,50
1738,501
1739,23
1740,25
1741,49
1742,81
1743,105
1744,349
1745,24
1746,194
1747,552
1748,58
1749,404
1750,361
1751,200
1752,85
1753,56
1754,78
1755,67
1756,65
1757,89
1758,46
1759,108
1760,330
1761,210
1762,428
1763,54
1764,369
1765,117
1766,78
1767,120
1768,57
1769,92
1770,72
1771,40
1772,58
1773,231
1774,81
1775,149
1776,33
1777,148
1778,72
1779,98
1780,241
1781,96
1782,68
1783,235
1784,36
1785,248
1786,43
1787,335
1788,110
1789,109
1790,62
1791,95
1792,287
1793,395
1794,99
1795,82
1796,164
1797,277
1798,163
1799,227
1800,189
1802,184
1803,105
1804,220
1805,158
1806,94
1807,706
1808,1030
1810,1141
1811,83
1812,111
1813,1428
1815,1584
1816,1076
1817,759
1818,8228
1819,77
1820,63
1821,133
1822,188
1823,121
1824,886
1825,266
1826,424
1827,3602
1828,67
1829,2123
1830,455
1831,66
1832,139
1833,36
1834,76
1835,204
1836,1142
1837,141
1838,663
1839,45
1840,6508
1841,244
1842,1047
1843,94
1844,280
1845,127
1846,250
1847,793
1848,71
1849,34
1850,27
1851,24
1852,1677
1853,168
1854,83
1855,42
1856,220
1857,81
1858,841
1859,225
1860,1669
1861,326
1862,707
1863,13
1864,225
1865,227
1866,75
1867,44
1868,204
1869,554
1872,33
1873,91
1874,183
1878,121
1879,177
1880,112
1881,167
1882,92
1883,58
1884,83
1885,57
1886,103
1887,9002
1888,626
1889,6585
1890,416
1891,45
1892,27
1893,56
1894,1315
1895,85
1896,372
1897,31
1898,107
1899,56
1900,37
1901,267
1902,232
1903,52
1904,96
1905,92
1906,193
1907,79
1908,233
1909,130
1910,186
1911,353
1912,345
1913,961
1914,856
1915,1282
1916,308
1917,332
1918,176
1919,152
1920,208
1921,340
1922,158
1923,151
1924,159
1925,149
1926,112
1927,77
1928,113
1929,297
1930,137
1931,134
1932,268
1933,48
1935,378
1936,32
1937,69
1938,59
1939,67
1940,160
1941,266
1942,224
1943,5725
1944,336
1946,601
1947,46
1949,119
1951,516
1952,409
1953,1302
1954,380
1955,89
1956,1521
1957,114
1958,261
1959,51
1960,67
1961,451
1962,36
1964,96
1965,2582
1966,73
1967,255
1968,233
1969,221
1972,215
1973,80
1974,806
1975,29
1977,101
1978,260
1979,140
1980,404
1981,179
1982,124
1983,114
1984,91
1985,184
1986,34
1988,240
1989,87
1990,40
1991,158
1992,43
1993,34
1994,300
1995,217
1996,295
1998,317
1999,81
2000,541
2001,13379
2002,1992
2003,41
2004,335
2006,807
2007,50
2008,50
2009,58
2010,138
2011,138
2012,402
2013,196
2014,261
2015,78
2016,170
2017,190
2018,141
2019,65
2020,713
2021,75
2022,40
2023,89
2024,15
2025,10902
2026,4385
2027,80
2028,13
2029,111
2030,1276
2031,958
2032,273
2033,210
2034,7128
2035,525
2036,76
2037,178
2038,102
2039,68
2040,60
2041,259
2042,280
2043,356
2044,235
2045,31
2046,30
2047,135
2048,172
2049,65
2050,166
2051,50
2052,45
2053,66
2054,38
2055,58
2056,58
2057,97
2058,40
2059,48
2060,165
2061,86
2062,79
2063,67
2064,67
2065,60
2066,35
2067,124
2068,65
2069,25
2070,55
2071,174
2072,60
2073,17
2074,23
2075,16
2076,435
2077,76
2078,60
2079,46
2080,35
2081,38
2082,37
2083,80
2084,69
2085,31
2086,23
2087,61
2088,48
2089,146
2090,79
2091,30
2092,25
2093,29
2094,54
2095,42
2096,25
2097,80
2098,219
2099,115
2100,78
2101,21
2102,78
2103,72
2104,5711
2105,631
2106,270
2107,1170
2108,279
2109,132
2110,131
2111,84
2112,1006
2113,207
2114,41
2116,1164
2117,238
2118,127
2119,101
2120,101
2121,100
2122,95
2123,385
2124,995
2125,230
2126,217
2127,54
2128,57
2129,4165
2130,1703
2131,2237
2132,525
2133,97
2134,104
2135,441
2136,340
2137,112
2138,167
2139,72
2140,104
2141,144
2142,692
2143,283
2144,2931
2145,110
2146,68
2147,239
2148,891
2150,403
2151,152
2152,325
2153,200
2154,1812
2155,553
2156,1105
2157,161
2158,1468
2159,1803
2161,658
2162,291
2163,562
2164,2724
2165,95
2166,831
2167,14131
2168,73
2169,271
2170,283
2171,654
2172,49
2173,14
2174,208
2175,1051
2176,137
2178,395
2179,90
2180,85
2181,79
2182,430
2183,137
2185,106
2186,64
2187,43
2188,180
2189,56
2190,40
2191,78
2193,118
2194,127
2195,56
2196,144
2198,625
2199,219
2200,88
2201,1209
2202,227
2203,127
2204,301
2205,466
2206,102
2207,75
2208,35
2209,85
2210,578
2211,141
2212,172
2213,561
2214,230
2215,196
2216,2073
2217,260
2218,231
2219,127
2220,217
2221,183
2222,232
2223,52
2224,116
2225,599
2226,17
2227,135
2228,97
2229,336
2230,126
2231,98
2232,26
2233,40
2234,72
2235,773
2236,9631
2237,515
2238,520
2239,35
2240,33
2243,40
2244,63
2245,124
2246,3874
2248,1742
2249,127
2250,66
2251,10367
2252,354
2253,272
2254,100
2255,98
2256,39
2257,108
2258,25
2259,98
2260,54
2261,109
2262,130
2263,323
2264,88
2266,73
2267,217
2269,250
2272,55
2273,914
2274,588
2275,105
2276,90
2277,106
2278,55
2279,78
2280,30
2281,215
2282,37
2283,62
2284,116
2285,102
2286,210
2287,86
2288,175
2289,57
2290,257
2291,174
2292,65
2293,137
2294,274
2298,423
2299,54
2300,86
2301,49
2302,116
2303,103
2304,83
2305,90
2306,97
2307,105
2308,105
2309,109
2310,40
2311,60
2312,76
2313,201
2314,19
2315,97
2316,31
2317,143
2318,47
2319,110
2321,593
2322,114
2324,225
2325,160
2326,40
2327,76
2328,73
2329,44
2330,217
2331,113
2332,310
2333,125
2334,37
2335,229
2336,293
2337,86
2338,47
2339,22
2340,36
2341,235
2342,45
2343,83
2344,58
2345,56
2346,273
2348,63
2349,223
2350,80
2351,107
2352,184
2353,100
2354,454
2355,361
2356,396
2357,135
2359,135
2360,82
2361,139
2362,52
2363,537
2364,107
2365,44
2366,23
2367,762
2368,40
2369,1535
2370,91
2371,113
2372,392
2373,39
2374,62
2375,57
2376,44
2377,73
2378,60
2379,65
2380,48
2382,31
2383,156
2384,69
2385,889
2386,939
2387,123
2388,31
2389,200
2390,415
2391,163
2392,169
2393,142
2394,104
2395,66
2396,237
2397,1196
2398,897
2399,56
2400,250
2402,1093
2403,2245
2404,3079
2405,81
2406,127
2407,142
2408,118
2409,357
2410,81
2411,284
2412,102
2413,257
2414,100
2415,87
2416,45
2417,398
2418,4701
2419,137
2420,114
2421,27
2422,67
2423,59
2424,605
2427,111
2428,32
2429,53
2430,74
2431,61
2432,609
2433,219
2434,62
2435,63
2436,129
2437,89
2438,184
2439,58
2440,46
2441,155
2442,90
2443,36
2444,57
2445,145
2446,168
2447,153
2448,544
2449,692
2450,116
2451,354
2452,179
2453,74
2454,229
2455,46
2456,59
2457,89
2458,173
2459,145
2460,186
2461,127
2462,119
2463,52
2464,46
2465,55
2466,39
2467,55
2468,94
2469,56
2470,124
2471,704
2472,3534
2473,104
2474,66
2475,106
2476,8324
2479,71
2480,32
2482,54
2483,66
2484,73
2485,53
2486,194
2487,35
2488,418
2489,174
2490,816
2491,69
2492,71
2493,67
2494,2207
2495,146
2497,193
2498,318
2499,321
2500,277
2501,39
2503,15
2505,161
2506,125
2507,109
2508,1950
2510,67
2511,75
2512,325
2513,317
2514,343
2515,295
2516,128
2517,140
2518,76
2520,561
2521,70
2522,58
2523,319
2524,149
2525,141
2526,116
2527,65
2528,54
2529,54
2530,159
2531,140
2532,98
2533,90
2534,179
2535,73
2536,89
2537,49
2538,36
2539,189
2540,72
2541,59
2542,214
2543,179
2544,110
2545,48
2546,90
2547,371
2548,184
2549,122
2550,86
2551,42
2552,62
2553,168
2554,131
2555,94
2556,91
2557,147
2558,122
2559,744
2560,222
2561,84
2562,881
2563,968
2564,449
2565,53
2566,22
2567,51
2568,20
2569,155
2570,69
2571,243
2572,87
2573,52
2574,37
2575,31
2576,65
2577,156
2578,34
2579,115
2580,335
2581,3493
2582,416
2583,91
2584,88
2585,114
2586,96
2588,72
2589,557
2590,168
2591,94
2592,182
2593,6573
2594,1160
2595,908
2596,2921
2597,276
2598,124
2599,23
2600,19
2601,29
2602,1009
2603,471
2604,669
2605,6140
2606,263
2607,133
2608,522
2609,102
2610,46
2611,216
2612,57
2613,39
2614,34
2615,426
2616,145
2617,179
2618,336
2619,138
2620,75
2621,140
2622,63
2623,471
2624,48
2625,38
2626,22
2627,30
2628,22
2629,28
2630,43
2631,20
2632,26
2633,24
2634,35
2635,23
2636,5
2637,29
2638,27
2639,5
2640,26
2641,29
2642,9
2644,23
2645,21
2646,31
2647,8
2648,75
2649,43
2650,31
2651,38
2652,40
2653,24
2654,84
2655,150
2656,92
2657,68
2658,58
2659,99
2660,59
2661,117
2662,62
2664,105
2665,94
2666,66
2667,65
2668,75
2669,73
2670,148
2671,78
2672,60
2673,102
2674,55
2675,97
2676,98
2677,99
2678,57
2679,49
2680,705
2681,65
2682,61
2683,820
2684,186
2685,1950
2686,65
2687,17
2688,113
2689,31
2690,55
2691,12
2692,75
2693,85
2694,64
2695,184
2696,83
2697,28
2698,96
2699,53
2700,26
2701,4
2702,24
2703,90
2704,90
2705,196
2706,113
2707,25
2708,5
2709,68
2710,11
2712,8
2713,91
2714,35
2715,48
2716,48
2717,101
2718,50
2719,135
2721,52
2722,160
2723,84
2724,441
2725,218
2726,122
2727,97
2728,96
2729,177
2730,211
2731,20
2732,13
2733,77
2734,91
2735,8
2736,66
2737,21
2738,16
2739,13
2740,32
2741,10
2742,9
2743,225
2744,440
2745,69
2746,569
2747,207
2748,118
2749,29
2750,10
2751,305
2752,689
2753,238
2754,67
2755,129
2756,310
2757,49
2758,27
2759,5547
2760,83
2761,159
2762,231
2765,57
2766,78
2767,135
2768,671
2769,31
2770,69
2771,43
2772,562
2775,600
2776,55
2777,27
2778,23
2779,70
2780,85
2781,89
2782,240
2783,36
2784,238
2785,53
2786,71
2787,5151
2788,72
2789,248
2790,60
2791,58
2792,78
2793,88
2794,27
2795,1507
2796,117
2797,109
2798,620
2799,125
2800,446
2801,55
2802,54
2803,70
2804,60
2805,25
2806,23
2808,241
2809,15
2810,114
2811,125
2813,145
2814,28
2815,59
2816,151
2817,185
2818,37
2819,97
2820,51
2821,45
2822,16
2823,64
2824,23
2825,130
2826,67
2827,111
2828,292
2829,323
2830,24
2831,34
2832,614
2833,34
2834,123
2835,144
2836,91
2837,37
2838,33
2839,37
2840,58
2841,282
2842,322
2847,1418
2848,292
2851,43
2852,280
2858,162
2859,96
2861,118
2862,98
2863,96
2864,64
2866,319
2867,311
2868,139
2869,152
2870,171
2871,249
2872,65
2873,439
2874,27
2875,121
2876,27
2881,70
2882,49
2883,133
2884,245
2885,32
2889,3706
2890,4686
2891,560
2892,42
2894,54
2895,72
2896,226
2897,121
2899,1784
2901,39
2903,269
2904,13377
2905,577
2906,22
2907,160
2910,84
2911,174
2912,45
2913,51
2915,46
2916,21
2917,95
2920,94
2921,489
2922,83
2923,3500
2924,5275
2926,3825
2927,2168
2928,471
2929,121
2930,5
2931,420
2933,57
2934,78
2935,64
2936,30
2937,328
2938,111
2941,39
2942,742
2943,117
2944,94
2945,102
2946,145
2947,104
2948,92
2950,464
2951,1287
2952,2154
2953,455
2954,199
2955,216
2956,33
2957,68
2958,113
2959,62
2960,144
2961,1722
2962,763
2963,3891
2964,768
2965,284
2966,9898
2967,155
2969,851
2970,1048
2971,583
2972,51
2973,140
2974,40
2977,58
2978,193
2979,70
2980,18
2981,698
2982,163
2983,156
2985,1499
2986,2106
2987,75
2988,201
2989,123
2990,35
2991,76
2993,8090
2994,2963
2997,72
2998,75
2999,67
3000,247
3001,1721
3002,3996
3003,106
3004,104
3005,140
3006,74
3007,154
3008,141
3009,186
3010,264
3011,401
3012,139
3014,731
3015,323
3016,587
3019,127
3020,13
3021,62
3022,33
3023,45
3024,94
3025,40
3026,69
3027,172
3028,35
3031,362
3032,396
3033,448
3034,91
3035,62
3036,42
3037,81
3038,111
3039,80
3040,100
3043,132
3044,218
3046,54
3048,124
3050,224
3051,101
3053,185
3054,63
3056,58
3057,438
3058,165
3059,78
3060,160
3061,46
3062,97
3063,39
3064,47
3065,39
3066,41
3067,76
3069,71
3070,57
3071,66
3072,80
3073,6
3074,59
3075,35
3076,413
3077,101
3078,50
3079,141
3080,360
3081,138
3082,43
3085,621
3086,745
3087,2224
3088,740
3089,1312
3090,642
3091,2480
3092,2963
3093,44
3094,25
3095,61
3098,35
3099,36
3100,32
3101,184
3102,288
3104,20
3105,91
3107,113
3108,62
3109,43
3110,88
3111,102
3112,106
3113,48
3114,17
3115,93
3116,51
3120,106
3121,811
3125,197
3127,130
3129,27
3130,20
3131,20
3132,34
3135,167
3136,56
3137,89
3138,110
3140,63
3146,65
3147,34
3151,30
3152,54
3153,40
3154,78
3155,30
3157,109
3159,75
3160,66
3162,79
3164,10
3165,542
3166,699
3167,3634
3171,93
3174,548
3175,35
3176,36
3178,37
3180,8
3182,55
3183,27
3185,50
3186,104
3190,29
3192,52
3193,66
3194,55
3196,60
3199,109
3201,17
3202,75
3203,49
3205,72
3210,924
3211,65
3213,45
3214,28
3215,143
3218,110
3219,214
3220,578
3221,754
3222,122
3223,123
3225,1821
3226,995
3227,113
3228,2736
3229,2519
3230,2238
3231,1240
3232,47
3234,134
3235,22
3239,158
3243,3
3245,58
3247,760
3248,91
3250,131
3251,18
3252,18
3254,68
3256,129
3258,126
3259,36
3264,22
3265,166
3266,459
3267,23
3268,442
3269,676
3270,378
3271,53
3272,174
3273,24
3274,14
3275,13
3276,12
3277,10
3278,11
3279,11
3280,20
3281,35
3285,60
3286,163
3287,677
3288,239
3290,18
3292,120
3294,18
3295,106
3297,2433
3298,1047
3299,2214
3300,41
3301,56
3302,175
3303,72
3305,72
3306,86
3307,145
3308,98
3309,50
3312,303
3313,45
3315,21
3317,19
3318,843
3320,51
3322,1001
3323,661
3324,185
3325,37
3326,523
3327,107
3328,1163
3329,70
3332,153
3334,50
3335,110
3336,108
3342,3510
3345,74
3349,543
3350,77
3352,1051
3354,953
3355,28
3356,82
3358,2272
3359,1458
3361,23
3362,22
3363,677
3366,1767
3367,76
3369,200
3370,62
3371,420
3372,4
3375,1051
3377,53
3378,29
3379,60
3380,43
3381,71
3382,59
3383,32
3384,41
3385,93
3388,71
3389,769
3390,141
3391,64
3392,705
3393,54
3394,104
3396,29
3398,53
3399,51
3401,253
3402,60
3403,137
3406,103
3407,1853
3410,132
3411,73
3414,6
3417,175
3418,42
3419,312
3420,2212
3421,133
3422,112
3424,78
3425,36
3427,67
3428,40
3429,208
3430,221
3432,26
3433,16
3434,41
3435,31
3436,16
3437,99
3438,75
3439,57
3442,54
3444,51
3446,835
3447,306
3448,220
3449,285
3451,12
3452,61
3454,73
3455,7398
3456,958
3457,7241
3458,8
3460,48
3461,69
3462,54
3463,54
3464,987
3465,25
3466,870
3467,2967
3468,247
3469,217
3470,5434
3472,72
3473,63
3474,81
3475,170
3478,175
3479,391
3480,37
3481,57
3482,54
3483,85
3484,103
3485,509
3486,66
3488,181
3490,53
3493,101
3496,18
3497,20
3498,31
3499,28
3500,7
3501,138
3503,4041
3505,43
3506,190
3507,147
3508,833
3509,70
3511,44
3512,120
3513,30
3514,27
3515,651
3516,18
3517,12
3518,91
3519,25
3522,79
3525,154
3526,65
3527,59
3529,43
3530,17
3531,45
3532,57
3533,45
3534,46
3535,120
3536,40
3537,285
3538,83
3539,41
3540,29
3541,28
3542,30
3543,71
3545,253
3546,17
3547,22
3549,1104
3550,32
3551,46
3553,32
3556,41
3557,50
3558,66
3559,348
3560,83
3561,52
3562,36
3563,48
3564,28
3565,32
3566,56
3567,31
3568,93
3569,56
3570,62
3571,72
3572,2980
3573,31
3574,800
3575,5
3576,265
3577,823
3578,91
3579,133
3580,57
3581,99
3582,64
3583,42
3584,35
3586,48
3587,53
3588,12969
3593,542
3594,1872
3595,58
3596,33
3597,57
3599,39
3600,56
3602,121
3603,429
3604,705
3605,34
3609,47
3613,1625
3614,500
3615,847
3616,981
3618,224
3619,51
3620,63
3622,133
3624,74
3625,178
3626,194
3627,721
3628,35
3630,22
3631,55
3633,57
3635,71
3636,132
3637,26
3638,47
3639,43
3640,47
3641,272
3642,210
3643,20
3644,44
3645,37
3646,52
3648,46
3649,63
3652,3447
3653,1026
3654,1095
3655,3442
3656,1308
3659,18
3660,69
3661,40
3665,375
3667,3128
3668,283
3669,27
3670,213
3671,31
3672,43
3673,882
3674,476
3675,35
3676,30
3679,214
3680,134
3681,53
3683,15
3684,99
3685,116
3686,167
3689,19
3690,19
3691,28
3692,147
3695,18
3701,2311
3702,3858
3704,30
3705,47
3706,83
3707,128
3710,312
3711,162
3712,5818
3713,2046
3720,42
3723,20
3724,22
3726,29
3727,130
3728,127
3729,69
3731,4333
3734,72
3735,32
3736,60
3737,201
3738,142
3743,68
3744,68
3745,118
3747,169
3750,453
3751,54
3752,41
3754,77
3755,29
3757,35
3758,25
3759,1344
3760,41
3761,77
3762,22
3763,24
3764,18
3765,31
3768,14
3769,6
3771,272
3772,86
3776,20
3778,25
3782,4260
3783,3964
3784,5074
3785,3977
3786,2777
3787,98
3791,1027
3793,57
3795,60
3799,37
3800,42
3801,117
3802,94
3805,201
3806,29
3807,77
3808,25
3809,81
3810,41
3811,48
3812,27
3813,15
3816,54
3817,22
3818,76
3819,38
3820,109
3821,112
3822,11
3823,28
3824,32
3825,20
3826,47
3827,27
3828,8
3829,191
3832,20
3833,59
3834,17
3835,45
3836,64
3837,46
3838,20
3839,21
3840,496
3841,1353
3842,62
3843,52
3844,18
3845,20
3846,11
3847,37
3848,1113
3849,57
3853,57
3854,62
3858,80
3859,539
3861,414
3863,42
3864,63
3866,15
3868,82
3869,11
3870,15
3873,22
3874,48
3875,40
3876,25
3877,31
3878,46
3879,18
3880,21
3881,30
3882,93
3883,64
3884,31
3885,17
3886,123
3887,396
3888,220
3889,201
3890,35
3895,26
3896,110
3898,88
3900,31
3901,3454
3902,32
3905,54
3906,76
3907,264
3908,61
3909,16
3910,60
3911,65
3912,31
3913,63
3914,316
3915,50
3916,118
3917,70
3918,441
3919,95
3920,27
3921,51
3922,56
3923,36
3927,2441
3929,40
3930,46
3931,387
3932,18
3935,31
3936,27
3937,5
3939,298
3940,166
3941,109
3942,36
3944,179
3945,51
3946,95
3947,25
3948,279
3950,39
3951,35
3952,41
3953,58
3954,259
3956,1174
3958,3559
3960,54
3962,458
3963,112
3964,111
3965,874
3968,46
3969,16
3970,225
3972,1345
3973,5
3974,1757
3975,15
3976,80
3977,97
3980,49
3981,61
3982,31
3983,26
3989,54
3990,71
3991,136
3992,249
3995,117
3998,65
3999,130
4000,52
4003,132
4004,136
4009,52
4010,278
4011,77
4012,227
4013,21
4014,30
4015,1486
4017,39
4021,818
4023,42
4024,40
4025,39
4026,1171
4027,142
4028,788
4031,69
4033,284
4034,36
4037,753
4038,987
4039,803
4042,83
4044,42
4049,12
4050,66
4051,42
4052,310
4053,678
4054,15
4056,75
4057,151
4058,56
4059,5242
4060,102
4061,70
4062,51
4063,5363
4066,567
4067,44
4068,27
4069,205
4070,58
4071,68
4073,30
4074,39
4075,73
4078,235
4080,669
4081,7418
4082,339
4083,22
4084,58
4085,41
4086,54
4087,3109
4088,15
4091,109
4094,663
4095,152
4096,12
4097,21
4098,39
4099,56
4101,20
4103,53
4104,14
4106,2005
4107,2366
4112,14
4113,42
4114,77
4119,41
4121,13
4124,101
4126,31
4127,95
4129,19
4130,625
4131,11
4132,30
4134,1261
4136,563
4138,67
4147,116
4149,73
4150,72
4151,1302
4154,57
4155,2740
4156,430
4157,20
4158,105
4161,36
4162,135
4163,1323
4164,72
4166,199
4173,145
4176,59
4177,2631
4178,26
4181,11377
4182,2833
4183,21
4186,3192
4187,69
4188,710
4189,665
4190,50
4191,66
4192,2243
4195,812
4196,1196
4197,202
4198,62
4199,40
4200,129
4201,22
4202,73
4205,406
4208,41
4209,174
4210,43
4211,40
4213,71
4214,5381
4218,10
4220,14
4224,16544
4232,263
4240,46
4242,23
4244,21
4246,1096
4250,44
4252,31
4260,31
4262,1248
4264,190
4266,42
4278,94
4280,3758
4282,3996
4286,28
4298,23
4304,208
4306,94
4310,47
4312,167
4314,21
4316,20
4318,51
4320,163
4331,21
4332,23
4334,895
4339,36
4340,39
4342,164
4350,57
4353,208
4355,77
4356,60
4357,44
4358,368
4360,211
4361,151
4362,275
4363,90
4364,62
4365,117
4369,44
4371,31
4375,39
4378,49
4379,43
4382,7507
4383,36
4385,43
4386,40
4387,49
4389,80
4390,39
4391,54
4392,37
4393,60
4394,35
4395,25
4396,30
4397,41
4398,120
4399,212
4400,27
4406,49
4411,34
4415,1231
4416,75
4417,7
4418,36
4419,81
4420,18
4421,186
4427,23
4437,3105
4439,43
4440,17
4443,120
4444,60
4447,669
4450,321
4451,57
4452,21
4454,368
4458,105
4459,36
4460,289
4461,80
4462,57
4463,34
4467,82
4468,24
4469,267
4470,12
4471,52
4472,2929
4473,773
4475,89
4476,112
4477,2542
4479,29
4480,54
4481,69
4483,723
4484,50
4485,60
4486,48
4487,33
4488,35
4489,38
4490,45
4491,158
4492,63
4493,77
4494,77
4495,19
4496,48
4497,19
4498,37
4502,345
4503,160
4504,13
4508,183
4509,23
4511,28
4513,129
4514,48
4515,46
4521,12
4522,30
4524,27
4531,108
4532,58
4533,58
4534,25
4535,1727
4536,24
4537,47
4540,136
4541,45
4544,16
4547,6
4548,2511
4549,247
4550,1272
4551,2277
4553,14
4554,22
4555,96
4556,27
4557,18
4558,41
4560,20
4561,39
4562,47
4563,33
4565,2580
4566,85
4567,42
4574,14
4575,26
4578,61
4581,2647
4584,46
4586,36
4590,203
4591,145
4596,867
4597,23
4598,8
4599,23
4600,249
4601,52
4603,38
4604,28
4606,44
4607,161
4608,55
4614,16
4615,41
4616,22
4617,66
4618,1211
4621,7
4638,25
4639,167
4640,32
4644,23
4645,47
4646,145
4650,141
4651,53
4653,90
4654,9460
4657,423
4660,21
4662,460
4663,79
4664,255
4667,111
4672,1550
4675,42
4680,27
4681,28
4682,11
4684,8
4685,102
4688,48
4689,118
4690,121
4692,24
4693,25
4697,41
4698,107
4699,52
4700,34
4701,109
4703,93
4705,919
4709,15
4712,131
4713,793
4714,161
4715,589
4717,29
4718,174
4719,1895
4720,2256
4722,3969
4723,36
4725,4630
4726,1430
4729,40
4730,72
4731,33
4732,101
4733,14
4737,19
4742,29
4744,3086
4752,4957
4756,83
4760,698
4761,49
4763,193
4765,572
4772,593
4773,47
4774,31
4775,40
4782,13
4786,358
4789,3592
4790,16
4792,552
4793,899
4794,336
4795,411
4798,407
4799,41
4800,40
4801,20
4802,38
4803,37
4804,165
4807,24
4808,50
4810,115
4811,535
4813,61
4814,2200
4816,90
4817,20
4818,28
4819,16
4820,29
4821,25
4822,9
4823,67
4824,17
4825,14
4827,102
4832,19
4833,39
4834,29
4835,3300
4840,47
4841,39
4842,40
4848,29
4849,78
4851,119
4852,34
4853,67
4854,60
4855,34
4856,28
4866,1023
4867,31
4868,40
4872,1532
4874,302
4876,146
4879,1572
4884,2459
4886,507
4890,94
4896,4338
4898,10290
4901,3528
4903,973
4905,13
4907,16
4908,149
4910,260
4917,24
4918,1500
4921,82
4923,49
4926,59
4927,17
4928,22
4929,32
4933,28
4934,38
4935,34
4936,165
4938,1411
4939,96
4940,8
4941,19
4943,56
4946,60
4948,47
4961,34
4962,97
4966,73
4967,19
4970,1492
4975,5281
4981,2759
4983,521
4985,818
4991,24
4997,141
4999,3491
5002,21
5005,567
5006,24
5013,23
5014,45
5016,136
5017,48
5018,16
5019,110
5020,496
5022,23
5023,46
5025,124
5027,122
5028,1038
5029,466
5030,3713
5031,100
5032,178
5034,1610
5036,56
5037,90
5039,2105
5040,3261
5041,1005
5042,4217
5043,60
5045,285
5049,46
5051,80
5052,30
5053,123
5054,89
5056,123
5060,4154
5065,723
5070,49
5071,25
5072,220
5074,1032
5075,62
5079,2585
5080,392
5081,13958
5082,86
5084,314
5085,248
5088,16
5089,10
5090,27
5091,28
5096,130
5097,335
5098,22
5101,50
5104,32
5107,51
5108,26
5109,79
5112,2468
5114,17172
5116,777
5117,31
5118,2210
5129,21
5131,19
5132,105
5133,35
5136,44
5140,12
5141,601
5143,28
5147,83
5150,2198
5151,30
5152,970
5153,64
5154,23
5155,433
5157,42
5158,213
5159,20
5160,21
5162,1596
5163,872
5164,105
5165,93
5167,38
5168,210
5172,184
5173,40
5177,3462
5178,982
5184,12
5189,17
5190,26
5191,34
5192,9
5193,6
5194,319
5196,325
5197,33
5199,223
5200,58
5201,23
5203,45
5204,3388
5205,3412
5207,7
5208,69
5209,118
5210,88
5211,102
5212,133
5213,97
5214,121
5216,461
5217,40
5220,1522
5223,23
5225,210
5226,476
5228,503
5231,1580
5232,30
5233,636
5234,17
5235,36
5237,29
5238,66
5240,20
5241,15
5244,435
5246,31
5249,25
5250,43
5251,630
5252,890
5256,252
5258,2599
5259,150
5260,9
5262,1706
5263,34
5266,40
5267,79
5270,146
5272,17
5273,29
5274,29
5276,40
5277,3318
5278,14
5279,1187
5281,77
5285,26
5287,20
5288,114
5289,22
5290,88
5291,199
5292,31
5293,39
5296,59
5298,192
5299,32
5300,4011
5303,20
5304,68
5305,324
5306,672
5307,692
5308,66
5310,762
5311,33
5314,14
5315,149
5316,178
5321,76
5322,51
5324,103
5330,46
5332,302
5333,449
5337,619
5341,6061
5342,2144
5343,36
5344,16
5347,339
5348,268
5351,175
5353,32
5355,3017
5356,4255
5365,2154
5369,206
5372,56
5374,10
5375,20
5383,37
5386,217
5391,1109
5393,52
5395,27
5396,18
5397,121
5398,33
5399,41
5400,22
5401,34
5402,29
5403,38
5408,39
5411,54
5415,115
5419,276
5420,1683
5421,38
5423,12
5424,177
5427,112
5439,26
5440,42
5447,58
5449,35
5454,784
5455,95
5458,354
5460,724
5462,250
5464,334
5466,39
5468,5
5469,68
5472,29
5473,10
5474,15
5475,19
5476,33
5477,11
5478,6
5484,91
5485,338
5492,19
5493,288
5494,160
5496,72
5501,86
5503,24
5504,666
5505,291
5507,2852
5515,16
5520,54
5521,1100
5522,44
5525,3561
5526,793
5529,257
5530,6530
5534,16
5535,21
5538,539
5539,95
5540,18
5541,14
5542,13
5543,10
5544,23
5545,26
5546,13
5547,12
5548,35
5549,62
5550,19
5551,8
5552,12
5553,14
5554,29
5555,9
5556,17
5557,10
5558,20
5559,10
5560,17
5561,22
5563,25
5564,17
5565,18
5566,28
5567,9
5568,58
5569,93
5570,22
5571,13
5572,20
5573,23
5575,13
5576,45
5578,118
5581,11
5583,200
5584,34
5585,42
5586,14
5587,21
5588,11
5589,56
5590,24
5593,1725
5594,7
5597,1353
5600,21
5602,19
5603,99
5605,34
5606,21
5607,24
5608,20
5609,33
5610,22
5611,14
5612,18
5613,42
5614,19
5618,29
5620,39
5621,12
5622,80
5624,96
5628,26
5629,23
5630,8283
5631,50
5632,50
5636,13
5640,29
5643,110
5644,85
5645,36
5646,47
5647,38
5648,25
5649,36
5651,173
5652,37
5653,83
5656,119
5658,81
5661,41
5662,35
5663,14
5664,29
5665,20
5667,2828
5670,573
5671,2189
5673,52
5674,61
5675,1108
5678,3377
5680,11355
5681,7097
5682,5257
5684,264
5686,91
5687,13
5688,75
5689,23
5690,2315
5691,159
5693,8
5702,1020
5710,87
5712,135
5713,839
5715,57
5717,843
5719,600
5723,74
5725,104
5733,27
5734,1647
5742,49
5743,116
5751,352
5753,137
5755,32
5760,182
5762,480
5763,42
5764,1821
5772,1037
5773,26
5774,879
5781,2823
5783,27
5784,653
5785,103
5799,25
5802,91
5809,21
5810,15
5811,42
5812,44
5813,71
5814,48
5819,117
5821,15
5826,72
5828,55
5829,17
5830,42
5832,97
5833,20
5834,48
5835,1368
5838,38
5841,12
5842,50
5844,130
5845,138
5848,37
5849,78
5854,57
5859,184
5862,24
5865,63
5868,54
5869,44
5870,33
5871,27
5872,34
5873,48
5874,24
5875,94
5876,26
5877,128
5878,25
5880,47
5883,125
5886,12
5889,20
5890,98
5891,46
5895,17
5900,19
5902,673
5904,44
5907,57
5908,27
5909,3909
5914,1006
5916,4
5917,29
5918,121
5920,26
5921,19
5922,14
5923,19
5924,82
5925,43
5926,42
5927,20
5928,18
5929,35
5930,8
5931,14
5933,15
5934,16
5935,24
5936,38
5938,39
5940,2916
5941,2241
5943,9
5945,338
5947,759
5953,66
5955,1284
5956,19
5957,959
5958,6275
5959,339
5962,695
5967,91
5968,74
5973,788
5978,985
5983,211
5984,1071
5986,7
5987,9
5990,20
5992,34
5993,82
5994,11
5996,203
5997,35
5998,274
6000,26
6007,3071
6008,201
6012,16
6015,19
6016,243
6018,5
6023,1610
6024,581
6025,30
6028,33
6030,2747
6031,41
6032,138
6033,3153
6038,37
6041,165
6045,9263
6046,1116
6050,540
6055,79
6056,26
6060,34
6061,65
6062,23
6063,6
6064,853
6065,13
6067,18
6068,69
6069,72
6071,29
6072,16
6073,13
6074,18
6075,16
6076,64
6077,19
6078,20
6087,23
6090,49
6091,11
6093,19
6094,115
6095,21
6096,43
6097,40
6098,1226
6107,31
6112,775
6114,5025
6115,606
6116,80
6117,188
6119,57
6120,89
6122,157
6124,8
6127,2032
6129,709
6130,134
6131,81
6133,7
6137,95
6148,223
6149,60
6150,12
6151,684
6152,241
6153,126
6154,151
6156,16
6162,474
6163,735
6164,1846
6165,1008
6166,3141
6169,244
6171,1481
6172,472
6178,1075
6181,39
6182,39
6183,31
6184,56
6187,785
6189,60
6194,243
6195,14
6198,254
6199,97
6201,3503
6202,17
6203,1483
6205,4493
6206,8
6209,156
6211,4669
6213,6992
6215,104
6217,75
6219,190
6220,83
6226,108
6227,52
6229,49
6230,30
6231,247
6234,323
6235,93
6245,57
6246,74
6251,51
6261,14
6262,29
6266,47
6267,15
6268,26
6270,40
6271,41
6272,28
6273,13
6275,211
6276,146
6277,24
6280,802
6281,131
6286,109
6287,668
6288,1150
6291,869
6293,95
6297,23
6299,136
6303,49
6305,73
6310,19
6311,23
6312,91
6318,78
6324,3649
6325,2565
6327,148
6328,74
6330,382
6331,38
6336,1391
6337,112
6344,382
6346,60
6347,8302
6351,4430
6355,39
6361,898
6366,16
6368,280
6372,3185
6374,31
6375,28
6377,1952
6379,261
6380,520
6381,1609
6383,63
6384,6
6385,248
6390,37
6392,604
6397,21
6399,521
6401,546
6402,112
6408,1744
6412,13
6413,44
6418,168
6419,13
6421,2314
6422,88
6425,566
6428,17
6431,33
6437,78
6438,348
6443,415
6444,2491
6447,15
6448,14
6452,27
6460,93
6462,55
6463,130
6465,186
6467,704
6468,24
6472,37
6479,675
6481,12
6482,7
6484,45
6489,796
6491,65
6492,40
6496,72
6500,4596
6505,673
6509,90
6511,35
6512,4564
6513,37
6517,6
6518,10
6519,6
6520,11
6522,6
6523,10
6524,7
6525,86
6527,82
6528,12
6531,126
6533,118
6535,130
6546,229
6547,16349
6548,886
6553,515
6554,55
6555,160
6557,32
6558,150
6560,134
6566,153
6567,121
6568,13
6571,22
6572,1933
6573,5597
6574,1605
6577,15
6579,12
6581,398
6582,186
6583,9
6586,1221
6587,175
6590,225
6591,392
6593,5
6594,6779
6604,130
6607,143
6609,250
6610,1480
6616,88
6622,39
6624,973
6625,18
6628,169
6629,13
6630,10
6633,1044
6634,1307
6635,145
6636,25
6637,2717
6641,115
6645,1139
6653,63
6654,175
6657,117
6658,17
6666,138
6667,47
6670,45
6671,13
6672,27
6674,18
6675,3995
6676,1252
6680,50
6682,3809
6684,22
6685,108
6686,96
6687,12
6688,24
6689,97
6690,164
6691,86
6692,129
6693,20
6694,152
6695,26
6701,9
6702,12515
6704,397
6705,237
6707,5412
6709,252
6712,492
6713,142
6714,378
6718,33
6721,88
6726,116
6727,11
6728,12
6730,8
6731,9
6733,42
6734,33
6735,41
6736,241
6741,137
6743,141
6746,13720
6747,3979
6748,248
6749,157
6758,1470
6759,12
6760,9
6761,9
6762,9
6768,813
6769,80
6771,10
6772,1941
6773,3695
6774,1874
6777,33
6779,25
6783,346
6787,365
6791,947
6792,61
6793,1858
6794,263
6795,413
6796,25
6797,32
6798,24
6800,41
6802,3223
6809,129
6811,2801
6822,19
6823,31
6827,20
6828,24
6829,28
6830,30
6831,39
6832,46
6833,34
6834,30
6835,38
6836,32
6837,31
6838,44
6839,24
6840,37
6841,31
6842,24
6843,31
6844,39
6846,19
6847,21
6848,23
6849,33
6850,28
6851,26
6852,56
6855,21
6856,49
6857,38
6861,46
6862,2998
6864,1311
6867,795
6868,15
6872,59
6875,679
6877,262
6878,58
6880,10763
6882,524
6883,137
6884,1272
6885,209
6889,16
6890,107
6891,124
6892,206
6893,914
6895,3022
6896,1060
6899,30
6900,28
6901,60
6902,69
6903,19
6904,637
6907,12
6909,57
6917,10
6918,623
6919,615
6920,509
6922,3353
6927,655
6930,81
6932,62
6935,43
6937,34
6939,38
6941,212
6942,11
6945,1237
6946,403
6947,45
6948,1058
6950,82
6951,741
6953,135
6954,1957
6956,6457
6958,317
6959,147
6964,215
6965,10
6970,22
6971,36
6973,1126
6974,2335
6975,68
6978,43
6979,849
6980,422
6981,11
6984,432
6985,200
6986,176
6987,2089
6988,90
6989,9
6992,65
6993,53
6994,34
6999,164
7004,53
7014,263
7016,370
7017,1493
7020,28
7021,26
7022,40
7024,63
7025,78
7026,33
7027,40
7028,38
7029,38
7030,54
7031,43
7032,27
7041,267
7044,895
7045,150
7048,27
7052,22
7053,485
7054,10567
7058,1814
7059,3881
7060,127
7062,589
7066,237
7071,30
7079,1927
7081,140
7082,1148
7083,216
7088,5710
7090,12
7092,30
7103,549
7106,25
7108,147
7109,8
7110,420
7112,57
7113,177
7117,36
7122,28
7124,12
7135,429
7139,28
7144,90
7148,3306
7152,182
7154,7
7155,23
7156,31
7157,27
7158,20
7160,41
7162,16
7164,19
7169,41
7170,82
7171,68
7174,52
7175,9
7176,114
7177,7
7178,158
7179,109
7189,16
7192,40
7193,3886
7211,9
7216,10
7222,641
7229,48
7230,72
7243,37
7244,31
7245,18
7247,21
7248,166
7252,10
7254,90
7255,25
7257,38
7258,35
7259,30
7261,142
7262,131
7264,107
7265,148
7266,166
7268,131
7270,209
7273,45
7276,135
7279,185
7285,29
7290,37
7294,17
7295,79
7296,32
7303,134
7304,233
7305,137
7307,31
7308,42
7311,7431
7314,29
7322,439
7329,63
7330,49
7333,69
7334,435
7336,38
7337,1009
7338,3863
7343,13
7354,13
7363,95
7364,25
7366,35
7367,878
7374,23
7375,653
7376,21
7377,170
7395,35
7396,414
7398,13
7405,18
7411,746
7415,56
7416,11
7419,6
7420,17
7423,30
7427,39
7430,76
7435,30
7436,25
7445,25
7446,24
7448,12
7449,15
7450,24
7451,25
7452,7
7453,113
7455,55
7456,224
7458,110
7459,11
7461,17
7463,323
7465,2379
7466,41
7468,286
7471,141
7472,2057
7473,6
7474,251
7475,73
7477,33
7479,24
7482,34
7485,71
7488,26
7491,27
7494,30
7495,9
7496,30
7497,36
7498,29
7500,9
7501,16
7504,27
7505,18
7510,36
7511,19
7512,27
7518,70
7522,20
7523,15
7524,13
7525,7
7526,8
7527,6
7528,37
7529,11
7530,23
7531,7
7532,13
7536,41
7540,132
7547,16
7549,197
7550,144
7551,20
7559,835
7561,119
7568,434
7569,34
7571,35
7573,96
7575,16
7578,70
7579,84
7580,911
7581,117
7582,84
7583,108
7588,1829
7590,2679
7591,156
7592,4140
7593,6394
7596,777
7597,174
7598,564
7601,22
7605,13
7610,41
7611,81
7612,112
7616,15
7617,24
7619,60
7621,20
7625,10
7626,24
7627,2179
7629,5
7633,10
7639,6
7643,48
7645,527
7646,11
7647,5839
7651,212
7654,200
7655,925
7659,61
7661,1375
7662,2702
7664,29
7666,37
7667,27
7668,173
7669,675
7674,7738
7681,7
7683,9
7691,74
7695,883
7696,9
7697,9
7698,11
7705,1332
7708,184
7709,14
7711,3576
7712,118
7713,13
7715,11
7718,70
7720,796
7721,12
7723,123
7724,7707
7728,507
7729,11
7730,213
7739,992
7740,325
7744,192
7745,180
7748,1121
7750,8
7751,14
7752,18
7759,131
7761,54
7762,723
7768,1050
7769,4836
7770,197
7771,15
7774,216
7775,40
7779,25
7781,116
7782,412
7785,5212
7786,26
7791,7435
7793,34
7803,5
7805,1030
7807,23
7808,17
7809,49
7810,40
7811,51
7816,22
7817,5615
7818,35
7836,14
7843,33
7844,11
7845,11
7856,12
7857,168
7858,2016
7861,73
7862,22
7864,11
7867,51
7870,984
7875,367
7876,20
7877,96
7882,135
7897,545
7900,32
7902,1030
7904,54
7908,17
7914,11
7915,23
7939,23
7953,81
7955,13
7956,10
7960,12
7967,23
7969,169
7972,205
7980,7
7981,6
7982,17
7985,25
8011,12
8017,83
8022,256
8023,1017
8025,10
8026,177
8038,991
8039,187
8041,20
8042,48
8057,448
8062,160
8063,1056
8064,91
8065,7
8068,466
8074,12928
8078,435
8079,22
8081,13
8086,4250
8092,25
8097,138
8098,331
8100,1601
8101,791
8108,37
8109,35
8110,326
8111,126
8115,588
8120,69
8123,33
8129,3492
8130,11
8132,49
8133,143
8134,69
8139,15
8140,23
8141,17
8142,2785
8143,4
8145,18
8146,23
8149,23
8150,16
8152,13
8153,12
8154,12
8155,12
8156,14
8157,16
8158,12
8162,37
8171,390
8176,20
8178,30
8179,5
8180,17
8181,35
8182,8
8183,12
8184,7
8187,760
8189,16
8190,736
8191,11
8192,8
8194,18
8195,8
8196,14
8197,699
8205,6
8206,253
8208,59
8211,392
8213,13
8214,19
8215,24
8216,42
8217,174
8218,16
8220,12
8226,14
8227,13
8228,49
8229,5
8230,392
8231,242
8233,21
8234,101
8235,47
8239,8
8240,15
8241,899
8243,7
8244,6
8245,88
8246,2601
8247,2481
8248,96
8249,96
8250,86
8258,8
8275,45
8277,3216
8278,196
8285,16
8287,97
8289,109
8290,75
8291,215
8292,109
8293,207
8294,101
8297,144
8302,732
8304,29
8310,891
8311,1236
8312,79
8314,23
8316,18
8317,238
8324,15
8331,232
8332,11
8333,33
8336,5
8337,160
8339,336
8345,8
8346,7
8348,540
8353,16
8355,7
8356,7
8357,6
8358,115
8359,96
8360,58
8361,49
8362,100
8363,57
8364,46
8365,48
8366,42
8367,54
8368,40
8369,73
8372,16
8373,71
8375,23
8394,89
8403,7
8407,3882
8408,3304
8409,23
8410,367
8415,5
8416,10
8417,8
8422,739
8423,93
8424,4147
8425,7438
8426,2381
8431,19
8436,32
8438,174
8440,1201
8442,17
8443,23
8446,17
8449,1758
8450,35
8451,15
8456,485
8457,802
8460,3106
8464,23
8465,928
8471,11
8475,640
8476,2304
8478,10
8479,1678
8481,862
8486,46
8487,386
8490,156
8491,125
8492,9
8493,12
8494,11
8495,17
8496,23
8500,44
8501,6
8503,51
8507,304
8514,1437
8516,4912
8518,90
8520,5
8521,5
8522,5
8523,10
8524,12
8525,8384
8526,81
8532,685
8533,52
8536,2295
8538,56
8539,17
8542,41
8546,26
8547,24
8548,19
8550,17
8551,23
8553,20
8554,31
8557,3117
8560,818
8561,9
8563,14
8567,4
8574,16
8577,1450
8584,37
8595,6
8598,24
8599,445
8603,47
8604,26
8609,279
8619,260
8624,641
8626,139
8628,50
8630,5056
8631,22
8632,58
8634,1112
8635,152
8643,40
8644,8
8645,21
8646,63
8647,25
8648,156
8651,99
8652,69
8653,115
8654,177
8655,152
8659,23
8660,14
8661,33
8663,29
8664,29
8666,263
8667,22
8668,365
8669,29
8670,5
8671,18
8675,6884
8676,5292
8677,14
8678,11
8679,16
8680,16
8681,19
8682,21
8685,6
8687,210
8689,77
8696,14
8697,21
8701,59
8704,25
8705,166
8706,32
8707,13
8709,130
8710,39
8713,76
8716,18
8717,22
8718,16
8719,18
8722,31
8723,22
8724,10
8726,1423
8728,691
8729,16
8730,22
8731,28
8732,17
8733,12
8740,1249
8743,108
8745,21
8749,7
8751,20
8752,13
8753,7
8754,105
8756,260
8763,17
8764,11
8765,48
8767,67
8768,1843
8769,9180
8772,14
8773,18
8774,21
8777,11
8778,19
8782,47
8783,20
8786,11
8792,395
8795,4673
8799,9
8800,179
8812,31
8815,34
8829,5
8832,5
8837,124
8839,75
8840,139
8841,7953
8842,13
8848,15
8853,15
8855,40
8857,1655
8861,6044
8862,4
8876,2165
8879,10
8883,15
8888,2959
8889,25
8890,25
8891,12
8894,240
8896,22
8897,8
8898,25
8899,12
8900,16
8908,139
8909,177
8915,2986
8917,1692
8918,670
8919,24
8920,45
8921,35
8925,52
8928,16
8934,2298
8935,48
8936,57
8937,5399
8939,204
8949,29
8950,47
8952,62
8953,20
8955,17
8956,16
8957,11
8958,15
8959,7
8960,30
8961,132
8963,26
8964,30
8965,28
8966,28
8967,10
8968,35
8972,56
8985,497
8986,755
8987,113
8993,24
8995,450
8999,11
9000,1289
9001,243
9002,237
9005,128
9006,90
9007,8
9008,96
9009,113
9013,33
9014,949
9015,6
9023,430
9028,10
9032,242
9035,77
9040,126
9041,6939
9043,31
9045,37
9047,1469
9053,42
9055,1145
9056,204
9061,14
9062,4442
9063,887
9065,1584
9070,5
9074,2757
9077,34
9078,12
9087,33
9088,261
9091,64
9095,20
9098,34
9100,61
9106,10
9107,1135
9117,1149
9119,23
9120,872
9121,82
9124,225
9127,63
9130,940
9135,2427
9136,1623
9154,36
9159,370
9163,19
9164,16
9165,17
9166,15
9167,125
9170,174
9172,19
9175,8
9177,14
9181,4058
9200,17
9201,1224
9202,534
9203,878
9204,304
9205,345
9211,65
9212,10
9213,997
9220,322
9221,26
9228,25
9232,227
9239,22
9241,228
9242,20
9243,12
9244,11
9252,1352
9253,16402
9254,53
9257,14
9260,5370
9264,22
9270,11
9279,25
9282,20
9284,8
9287,73
9288,149
9289,5331
9290,63
9291,28
9292,8
9303,4
9304,14
9308,478
9309,123
9310,147
9311,191
9312,130
9314,1912
9316,9
9317,16
9318,38
9322,513
9324,42
9325,29
9326,60
9327,88
9328,185
9330,2887
9331,2884
9332,750
9333,273
9334,9
9335,501
9337,55
9338,8
9339,6
9340,31
9341,13
9342,57
9343,6
9344,22
9345,13
9346,74
9347,705
9348,28
9349,10
9351,5
9352,12
9353,175
9355,955
9356,39
9361,58
9362,568
9365,19
9366,1951
9367,4396
9371,18
9375,95
9376,12
9379,4964
9383,5
9385,14
9387,9
9389,11
9390,15
9391,10
9392,16
9393,159
9395,46
9396,460
9403,11
9404,5
9409,17
9416,7
9417,7
9421,13
9423,26
9424,12
9426,7
9433,13
9434,75
9435,242
9438,14
9441,611
9442,185
9445,13
9446,7
9447,7
9451,8
9455,7
9464,5
9465,1293
9467,125
9471,2344
9479,2425
9486,33
9487,163
9488,742
9491,49
9493,504
9494,85
9495,24
9496,8
9498,7
9499,15
9500,7
9501,11
9502,39
9503,17
9504,10
9506,93
9507,16
9509,45
9510,983
9513,6337
9515,4449
9518,13
9519,23
9520,14
9521,19
9522,10
9523,131
9525,15
9526,23
9528,17
9531,21
9533,7
9535,32
9536,10
9539,773
9540,6
9542,11
9544,474
9545,130
9546,7
9547,80
9548,25
9549,27
9558,15
9561,66
9562,7
9563,348
9566,52
9568,68
9575,12
9581,768
9584,10
9587,1844
9588,116
9591,323
9595,59
9598,742
9599,95
9600,88
9606,4
9608,444
9611,431
9613,14
9617,3887
9618,919
9624,1363
9627,27
9629,49
9630,129
9638,220
9645,114
9646,55
9650,22
9656,5015
9662,41
9665,7
9667,50
9673,121
9675,1343
9689,45
9690,440
9691,19
9693,709
9706,176
9708,89
9712,1462
9716,127
9718,71
9721,209
9723,307
9724,1251
9731,442
9732,54
9733,125
9734,2081
9735,606
9736,2480
9737,331
9741,633
9744,309
9745,632
9748,15
9749,4
9750,2398
9751,869
9754,405
9756,11965
9759,7
9760,3070
9761,354
9768,9
9770,18
9773,34
9774,346
9776,2110
9777,68
9778,97
9781,17
9782,349
9785,108
9786,76
9789,31
9790,2082
9792,16
9793,431
9794,19
9795,11
9796,10
9797,10
9798,114
9799,22
9801,25
9806,61
9807,4
9810,13
9811,5
9812,5
9817,8
9818,5
9819,6
9821,6
9822,17
9824,31
9825,4
9826,24
9829,39
9832,13
9834,2030
9837,37
9839,91
9846,85
9849,177
9850,13
9851,33
9855,42
9856,8
9857,23
9858,20
9861,72
9862,16
9863,3729
9865,301
9866,17
9868,6
9869,6
9874,844
9875,371
9878,10
9879,6
9880,14
9881,16
9882,24
9883,86
9884,41
9885,7
9886,4
9887,35
9888,567
9890,572
9893,274
9895,58
9900,14
9902,3
9903,5
9904,104
9905,8
9906,6
9907,534
9910,10
9911,606
9916,20
9917,662
9919,13477
9922,1866
9924,184
9925,1257
9926,2468
9930,545
9931,88
9934,555
9935,202
9936,3350
9938,1565
9939,61
9940,75
9941,3522
9943,94
9944,27
9947,15
9948,11
9949,7
9950,9
9951,46
9952,14
9955,6
9956,3
9957,24
9958,860
9959,33
9963,586
9965,9
9967,43
9968,123
9969,4776
9970,191
9972,17
9973,14
9976,33
9978,23
9979,131
9981,1996
9982,2459
9988,461
9989,13107
9990,69
9991,15
9993,12
9996,623
9998,8
9999,851
10000,10
10003,143
10005,15
10012,2919
10013,44
10014,180
10015,716
10016,233
10017,561
10020,3590
10029,2086
10030,4576
10033,1628
10036,28
10039,5
10040,5
10043,70
10044,8
10045,13
10048,97
10049,2407
10050,124
10055,49
10056,8
10057,10
10058,12
10059,6
10060,7
10061,7
10067,4216
10073,1872
10074,179
10075,819
10076,1307
10077,10
10079,2777
10080,5569
10083,1524
10087,11814
10090,240
10092,1219
10098,224
10101,91
10104,65
10105,23
10106,225
10108,528
10109,695
10110,6099
10112,14
10113,9
10114,17
10115,29
10116,51
10118,17
10119,2275
10122,346
10132,26
10135,8
10136,8
10137,6
10138,9
10139,6
10149,5
10152,1454
10153,524
10155,3115
10156,1574
10161,4792
10162,6799
10163,4907
10165,8425
10172,960
10177,99
10178,563
10180,117
10187,1054
10189,391
10191,876
10194,16
10196,683
10197,778
10199,14
10200,6
10201,68
10202,18
10203,6
10207,42
10209,2467
10210,9
10213,3975
10216,1549
10217,265
10218,2565
10219,401
10224,16
10232,1111
10236,6
10237,8
10238,4
10239,4
10241,10
10242,5
10244,6
10245,4
10246,3
10247,6
10249,713
10250,11
10256,43
10257,359
10258,383
10259,689
10260,388
10261,18
10262,36
10263,88
10270,12
10271,2181
10276,119
10278,2844
10280,123
10282,10
10285,7
10286,53
10294,1354
10297,150
10298,1472
10301,147
10302,207
10304,8
10306,43
10308,1003
10313,17
10319,12
10321,2706
10323,7
10324,95
10325,162
10327,106
10330,370
10334,161
10335,10
10336,949
10338,256
10342,28
10346,23
10347,44
10348,258
10349,29
10350,500
10351,108
10353,14
10354,36
10355,27
10357,3437
10359,86
10360,16
10361,75
10368,7
10369,4
10370,326
10372,1705
10373,25
10375,12
10378,1580
10379,3497
10380,569
10384,258
10389,1348
10390,149
10391,249
10392,118
10396,4469
10397,2673
10405,120
10406,116
10407,20
10408,7636
10409,17
10417,1145
10418,2293
10419,220
10420,105
10421,120
10424,50
10429,85
10431,631
10435,14
10436,34
10444,360
10445,393
10447,1842
10448,616
10456,3125
10457,179
10458,192
10459,33
10460,3142
10463,47
10464,1454
10465,1242
10466,12
10469,431
10470,718
10471,44
10477,368
10479,334
10481,19
10483,189
10488,179
10490,3766
10491,1597
10495,4849
10497,473
10500,578
10501,191
10502,205
10504,350
10506,8
10507,596
10509,6
10511,38
10513,66
10516,135
10519,711
10521,3920
10524,22
10525,10
10526,34
10527,43
10528,38
10531,179
10532,404
10533,16
10534,122
10536,807
10539,15
10540,15
10541,15
10545,145
10546,144
10547,367
10549,76
10552,95
10553,138
10554,28
10562,19
10563,6
10564,5
10568,4481
10570,108
10572,1707
10573,210
10575,74
10578,3097
10581,126
10582,848
10584,41
10585,27
10586,25
10588,3984
10589,2310
10590,202
10592,119
10594,10
10595,83
10602,9
10603,8
10604,1176
10607,9
10611,1765
10620,15111
10622,682
10623,14
10624,900
10627,13
10628,205
10629,135
10633,5
10638,1326
10639,73
10643,621
10647,1486
10648,10
10653,5
10659,737
10666,77
10668,346
10671,693
10674,22
10679,132
10681,1369
10683,294
10684,4
10685,5
10686,971
10687,444
10688,56
10689,84
10690,210
10691,237
10693,82
10694,288
10695,198
10697,167
10701,17
10702,512
10703,214
10705,7
10706,6
10709,5
10710,79
10711,3059
10713,778
10714,730
10715,691
10716,671
10717,687
10718,28
10719,9202
10720,75
10721,5205
10723,50
10728,79
10731,225
10732,55
10735,55
10736,45
10737,517
10739,716
10740,578
10741,8
10742,21
10743,23
10751,22
10755,17
10756,11
10757,12
10758,22
10759,8
10760,12
10763,14
10764,114
10765,162
10766,110
10770,150
10774,9
10775,122
10779,880
10780,32
10790,4945
10792,133
10793,11390
10794,1976
10796,156
10797,7
10798,2865
10799,213
10800,5875
10801,293
10802,10
10804,289
10805,2114
10807,400
10808,575
10810,111
10812,10
10813,16
10815,12
10819,67
10820,14
10821,117
10822,65
10823,57
10824,59
10825,65
10827,256
10832,166
10834,670
10838,409
10842,331
10845,293
10847,16
10849,170
10850,4
10851,917
10852,7
10855,6
10856,6
10859,74
10862,128
10863,5747
10869,38
10870,214
10882,35
10884,868
10886,160
10887,8
10889,7
10893,1185
10897,2567
10901,13
10904,25
10905,124
10906,126
10908,8
10909,9
10916,168
10917,165
10918,385
10920,251
10923,197
10924,395
10928,753
10933,460
10934,542
10935,246
10936,124
10937,867
10938,69
10941,26
10943,7
10947,114
10948,110
10949,112
10950,99
10953,4
10954,82
10958,255
10964,7
10965,7
10967,12
10979,66
10987,8
10989,5
10995,8
10997,6
10999,143
11001,479
11005,869
11009,162
11013,6314
11017,38
11019,178
11021,1794
11031,114
11033,409
11043,30
11049,14
11053,70
11061,11751
11065,173
11067,160
11069,114
11073,203
11077,1395
11079,2002
11083,292
11087,19
11093,12
11095,6
11097,5
11099,285
11101,16
11103,441
11111,13284
11113,1480
11123,1731
11135,931
11141,26
11161,670
11177,94
11179,3375
11185,216
11189,36
11197,4
11203,6
11209,959
11213,7
11221,34
11227,1462
11235,2478
11237,336
11239,498
11241,2490
11245,9
11255,376
11266,2041
11268,21
11269,15
11275,14
11281,20
11285,5118
11299,21
11307,32
11313,1088
11319,4658
11321,403
11339,546
11341,419
11349,171
11355,507
11357,19
11359,643
11371,860
11375,385
11385,341
11389,13
11405,8
11411,42
11421,6
11433,5430
11441,510
11445,34
11447,55
11457,370
11465,110
11467,294
11469,82
11471,65
11483,192
11487,284
11491,1290
11497,4
11499,7363
11505,24
11507,307
11511,61
11521,14
11523,72
11525,7
11531,850
11533,8
11537,29
11541,33
11543,81
11545,12
11547,165
11553,2618
11561,40
11569,53
11577,6213
11579,38
11583,289
11589,9
11593,5
11595,48
11597,8188
11609,5
11611,5
11615,416
11617,10203
11625,5
11633,6967
11635,155
11659,23
11661,62
11663,286
11665,3358
11673,9
11679,186
11681,5
11685,36
11687,154
11689,81
11691,118
11693,18
11695,8
11697,1249
11699,89
11701,3126
11703,4068
11705,243
11711,5
11713,5
11715,226
11717,51
11729,28
11731,4
11733,3
11735,59
11737,3149
11739,1550
11741,9162
11743,1993
11745,183
11747,112
11749,104
11751,2026
11755,321
11757,17774
11759,7906
11761,3676
11763,1025
11767,37
11769,788
11771,8397
11773,130
11777,139
11783,1718
11785,4898
11787,59
11789,13
11791,8
11793,263
11795,48
11799,43
11807,110
11809,112
11813,890
11815,66
11825,17
11827,472
11829,12
11835,27
11837,2158
11841,32
11843,8587
11853,90
11855,115
11857,9
11859,729
11867,263
11869,96
11873,13
11879,515
11883,65
11887,8887
11889,607
11897,73
11911,66
11915,78
11917,595
11919,15
11933,4296
11959,7
11969,114
11977,2851
11979,2741
11981,4236
11995,14
11997,176
12001,330
12005,21
12015,516
12017,525
12021,566
12027,18
12029,1844
12031,2271
12035,165
12037,11
12039,8
12049,2446
12053,766
12055,307
12057,260
12059,321
12061,21
12065,245
12067,338
12069,702
12079,1281
12101,105
12113,2231
12115,2225
12117,534
12119,1103
12121,141
12123,270
12131,140
12133,40
12135,39
12137,337
12139,13
12141,25
12143,275
12145,27
12149,1209
12157,199
12163,16
12165,10
12175,3483
12181,7
12185,6
12187,935
12189,11641
12191,428
12221,112
12223,83
12225,53
12231,1097
12237,176
12243,12
12255,789
12259,9
12267,37
12279,12
12281,653
12291,4307
12293,4380
12295,23
12317,1478
12321,657
12337,20
12341,11
12343,67
12347,65
12351,22
12355,7778
12359,4
12361,20
12365,4030
12367,1022
12371,5
12373,139
12375,438
12391,8
12393,13
12397,8
12399,11
12401,12
12403,2700
12411,188
12413,4623
12419,792
12429,176
12431,2911
12433,128
12437,299
12439,17
12441,14
12445,5866
12447,263
12449,501
12451,8
12455,155
12461,1667
12467,3612
12471,1578
12477,3565
12481,27
12483,20
12485,16
12487,1498
12497,9
12499,54
12501,229
12503,1051
12505,663
12521,21
12529,4
12531,4993
12549,4914
12551,11
12561,31
12563,12
12565,1887
12569,10
12579,146
12581,1030
12585,51
12589,18
12591,35
12599,54
12603,28
12611,654
12613,3
12623,90
12637,399
12643,3
12651,84
12657,9
12659,68
12661,58
12663,25
12665,499
12669,717
12671,534
12673,927
12677,480
12679,2095
12683,86
12685,1356
12689,25
12695,762
12699,124
12709,120
12711,1522
12715,54
12725,132
12727,100
12729,3235
12745,48
12753,797
12755,59
12759,6
12763,12
12765,8
12767,8
12769,28
12771,7
12781,5
12783,1533
12789,23
12791,11
12793,6
12795,21
12799,13
12803,23
12807,9
12809,6
12815,1510
12823,389
12833,4
12835,7
12851,17
12857,329
12859,2388
12861,3
12863,133
12865,92
12867,131
12875,451
12877,76
12879,571
12881,35
12883,2918
12885,27
12887,8
12893,1927
12897,9
12899,11
12901,7
12903,8
12905,20
12907,144
12917,79
12919,41
12921,160
12929,726
12935,82
12951,16
12955,83
12957,139
12959,197
12961,147
12963,67
12965,36
12967,3137
12971,9
12979,1027
12981,17
12991,70
12993,19
12995,170
12997,317
13019,146
13029,68
13041,10
13047,15
13051,14
13053,105
13055,2124
13057,181
13073,90
13083,15
13085,9
13087,11
13089,13
13091,8
13093,782
13103,11
13115,941
13117,454
13119,343
13125,9182
13137,135
13139,248
13141,277
13143,50
13145,317
13153,47
13159,279
13161,4654
13163,266
13165,7
13167,8
13169,269
13171,786
13173,182
13175,157
13177,9
13179,6
13183,448
13185,114
13195,22
13201,224
13203,1061
13207,9
13215,142
13217,87
13219,158
13221,381
13223,126
13231,143
13233,23
13239,230
13245,196
13247,74
13249,64
13251,116
13253,168
13255,39
13259,181
13261,394
13263,743
13267,532
13271,1825
13281,100
13283,463
13287,58
13299,23
13303,48
13307,14
13309,152
13311,23
13325,158
13331,2667
13333,2982
13335,621
13349,745
13357,2511
13359,16
13365,8
13367,3182
13369,17
13373,171
13375,162
13377,752
13379,84
13391,1741
13403,1630
13405,444
13407,15
13409,624
13411,1786
13421,18
13423,6
13427,130
13429,716
13431,10
13433,10
13435,7
13439,58
13441,38
13449,6
13455,9
13457,5
13459,5
13463,6
13465,9
13469,2675
13479,124
13495,66
13497,13
13499,4
13501,4
13503,6
13505,4
13507,4
13509,4
13511,4
13513,65
13515,13
13517,231
13519,9
13535,3831
13541,14
13543,15
13551,9
13553,12
13559,101
13561,427
13563,74
13585,1747
13587,1006
13595,237
13599,3449
13601,12677
13619,156
13629,503
13639,228
13643,62
13655,4718
13659,5755
13663,4008
13667,2807
13669,86
13673,151
13675,180
13677,497
13679,56
13681,43
13691,126
13693,24
13709,574
13715,42
13727,249
13731,209
13755,43
13757,182
13759,10915
13767,651
13769,8
13781,11
13785,201
13789,29
13793,33
13795,29
13799,138
13807,1936
13817,5
13819,5
13821,6
13823,6
13825,5
13827,5
13831,5
13833,521
13835,157
13837,170
13839,182
13843,230
13851,1956
13855,224
13857,16
13859,837
13863,807
13917,66
13927,65
13931,152
13935,34
13937,94
13939,1911
13947,9
13955,51
13959,12
13965,29
13967,30
13969,87
13971,109
13983,48
13993,67
14007,45
14023,14
14027,2270
14039,23
14045,870
14047,89
14049,250
14059,31
14067,8
14069,6
14073,625
14075,7291
14077,159
14093,679
14095,21
14117,244
14123,316
14125,11
14127,238
14129,181
14131,3568
14145,314
14173,354
14175,1512
14181,12
14183,11
14189,1490
14199,3888
14207,10
14209,14
14211,11
14213,12
14227,9593
14231,31
14235,12
14237,879
14247,41
14249,8
14253,11
14267,391
14277,553
14283,1476
14289,6583
14293,1776
14317,219
14333,173
14345,8848
14347,406
14349,4063
14353,3519
14355,1522
14359,70
14367,27
14373,590
14379,146
14381,6
14397,3163
14407,1698
14467,8191
14471,23
14479,221
14511,1155
14513,8868
14515,1920
14519,17
14527,2095
14529,5
14537,14
14539,216
14543,264
14563,195
14575,590
14583,135
14617,220
14623,5
14627,365
14629,111
14631,5
14645,741
14647,124
14653,1052
14657,120
14659,87
14661,100
14663,356
14669,1055
14675,78
14685,104
14693,163
14713,5571
14719,8441
14735,468
14741,11451
14743,14
14749,5732
14751,2017
14753,1404
14765,1856
14781,9
14807,1697
14811,2752
14813,11468
14817,317
14821,7
14827,576
14829,3459
14833,5666
14835,443
14837,2298
14853,221
14875,231
14889,159
14893,1105
14913,41
14921,2161
14935,70
14941,669
14947,18
14949,63
14951,393
14957,153
14967,6224
14989,130
14991,318
14993,120
14995,121
15005,806
15015,35
15021,92
15037,3846
15039,3343
15043,293
15045,357
15051,5226
15059,1271
15061,666
15067,9
15069,3
15077,139
15085,3465
15093,35
15095,37
15097,366
15109,1799
15111,4
15117,2446
15119,2108
15125,1309
15127,87
15129,5
15133,971
15137,10
15139,9
15141,15
15159,24
15177,105
15195,941
15197,1979
15199,1599
15201,1452
15211,22
15219,140
15225,5960
15227,1998
15279,97
15291,140
15307,98
15313,329
15315,6667
15323,906
15325,416
15335,2665
15347,36
15359,692
15377,1572
15379,4389
15389,29
15391,506
15393,87
15399,12
15407,285
15409,144
15411,455
15417,3197
15423,55
15431,243
15437,1783
15439,578
15451,7034
15453,113
15455,29
15479,9
15487,1081
15489,340
15505,71
15525,13
15527,27
15529,12
15533,33
15535,251
15537,319
15539,126
15541,127
15545,29
15547,34
15565,1678
15577,15
15579,18
15583,8600
15591,381
15605,2131
15607,9
15609,887
15611,267
15613,1907
15617,506
15633,662
15649,346
15651,547
15653,11
15657,6
15663,11
15673,181
15687,2257
15689,6063
15699,2562
15711,326
15717,77
15719,201
15729,700
15731,484
15735,239
15743,18
15749,21
15751,2107
15769,50
15771,1360
15775,1404
15781,128
15783,93
15785,111
15787,19
15793,1004
15795,46
15807,413
15809,12042
15811,652
15813,426
15815,8
15819,38
15823,7
15839,142
15841,288
15843,326
15845,130
15847,161
15863,1171
15865,11
15867,215
15873,8
15875,10
15879,1393
15881,676
15883,688
15891,126
15893,51
15895,515
15897,5
15905,21
15911,1816
15913,7
15915,10
15925,73
15927,670
15933,648
15937,16
15951,365
15957,6
15959,455
15961,22
15963,481
15971,4
15977,7
15979,108
15989,396
15993,35
16001,3778
16005,2065
16007,9
16009,3887
16011,5417
16021,7
16023,261
16027,18
16033,354
16035,2995
16041,7
16049,4101
16051,745
16059,179
16067,6896
16091,84
16099,1469
16101,159
16119,54
16123,753
16131,11
16143,224
16149,448
16157,2546
16159,7
16163,9
16169,737
16183,32
16187,79
16189,155
16199,476
16201,3178
16211,304
16233,89
16239,767
16241,710
16245,6
16247,19
16251,16
16253,6
16255,13
16257,10
16259,12
16261,12
16263,8
16273,1082
16303,8
16317,393
16319,140
16331,241
16335,218
16345,12
16347,47
16353,2954
16355,2013
16363,268
16371,26
16373,22
16377,16
16381,163
16385,1128
16389,26
16393,13
16395,492
16397,1989
16399,7
16405,569
16415,39
16417,4797
16419,321
16434,58
16436,381
16442,93
16444,1681
16454,9
16458,11
16460,12
16468,470
16472,214
16474,166
16476,71
16480,5
16482,6
16486,7
16490,8
16498,18395
16506,20
16508,131
16510,8
16512,2952
16514,12
16518,1310
16524,4744
16526,4
16528,2136
16530,11
16552,4
16554,6
16556,8
16558,10
16560,8
16562,8
16564,11
16566,8
16568,7
16570,7
16572,4
16574,76
16576,73
16586,11
16590,7
16592,8177
16602,70
16604,90
16606,90
16608,529
16610,150
16614,164
16620,9
16636,448
16638,211
16642,196
16644,105
16646,80
16648,62
16650,6
16656,333
16662,3081
16664,2361
16668,2913
16678,157
16680,489
16690,120
16692,56
16694,1593
16696,12
16700,1247
16702,13
16706,4292
16718,81
16726,54
16728,12
16730,6
16732,2889
16738,101
16740,66
16742,7492
16746,5
16748,5
16752,3
16754,3
16756,29
16762,4250
16774,1683
16776,11
16778,8
16780,5
16782,7907
16784,5
16786,10
16788,6
16790,6
16794,10
16796,7
16798,15
16800,5
16802,20
16804,7
16806,7
16808,7
16810,8
16812,7
16814,9
16816,5
16818,5
16820,6
16822,22
16824,4
16828,6
16830,4
16832,5
16834,6
16838,5
16866,1626
16868,1132
16870,3591
16890,1844
16894,6069
16904,3184
16906,57
16908,5
16910,940
16912,16
16914,161
16916,1542
16918,4304
16928,160
16934,3039
16936,142
16954,19
16964,27
16970,9
16982,803
16988,6
16994,4
17002,9
17004,4
17006,4
17010,54
17012,115
17020,121
17048,15
17068,62
17074,6640
17076,27
17080,414
17082,1668
17086,8
17088,9
17090,7
17092,17
17100,5
17102,4
17104,4
17106,5
17113,43
17115,493
17117,8
17121,1417
17127,69
17131,11
17137,55
17141,29
17147,47
17151,16
17157,976
17159,16
17161,17
17163,15
17165,12
17167,12
17187,1007
17201,9
17205,396
17209,18
17211,15
17213,5
17215,5
17217,8
17219,5
17221,20
17223,16
17233,9
17237,23
17245,33
17247,4330
17249,201
17251,145
17259,874
17263,5
17265,9802
17267,241
17269,905
17273,277
17277,214
17291,9
17293,42
17295,14
17307,9
17313,4
17315,4
17317,4
17321,4
17325,19
17339,10
17341,515
17345,344
17351,215
17353,31
17357,75
17359,14
17371,242
17379,32
17387,17
17389,1210
17391,446
17395,233
17397,708
17403,13
17405,14
17409,594
17419,189
17423,9
17427,6
17437,505
17439,5
17441,8
17443,8
17445,8
17447,7
17457,7
17467,16
17469,9
17471,5
17473,5
17479,7
17481,13
17483,6
17485,11
17487,4
17489,7
17491,186
17493,14
17497,53
17501,8
17505,1442
17513,2973
17521,13
17535,1180
17537,126
17539,138
17541,126
17543,89
17549,4858
17551,116
17563,14
17573,141
17585,166
17599,5
17601,7
17603,7
17605,7
17613,7
17615,13
17619,10
17621,11
17623,5
17624,6
17635,371
17637,585
17641,2528
17643,683
17649,11
17651,1210
17655,86
17657,4
17659,74
17665,4
17667,7
17669,8
17671,10
17673,10
17675,5
17677,262
17679,231
17681,687
17687,8
17689,16
17693,42
17697,26
17699,125
17703,29
17705,90
17707,29
17717,163
17719,21
17721,11
17725,749
17727,95
17729,5963
17731,304
17733,25
17739,262
17741,2367
17743,400
17745,203
17747,129
17749,16
17753,16
17777,2607
17785,19
17787,51
17791,183
17811,154
17813,339
17815,154
17819,431
17821,1181
17823,16
17825,11
17827,1845
17831,2321
17833,11
17835,8
17843,239
17849,315
17855,250
17867,230
17871,152
17873,459
17875,857
17879,529
17887,60
17891,10
17893,13
17895,8584
17897,59
17901,518
17903,4
17909,2773
17913,126
17917,63
17919,721
17933,15
17947,297
17949,554
17951,13
17953,9
17955,13
17957,11
17959,18
17961,16
17963,21
17965,14
17969,30
17977,7
17979,9
17981,7
17983,10
17985,9
17987,10
17989,13
17991,13
18001,2195
18003,39
18005,7
18007,11
18029,11
18031,8
18033,11
18039,601
18041,1454
18045,713
18047,17
18053,133
18055,978
18061,14
18063,16
18071,4
18081,7
18083,11
18085,11
18087,8
18095,2769
18097,318
18099,552
18109,24
18115,6640
18119,3250
18121,638
18133,23
18137,8
18139,3195
18149,117
18151,102
18153,10447
18155,22
18177,356
18179,2877
18191,8
18195,2491
18197,12
18199,8
18205,64
18227,12
18229,3183
18231,119
18241,11
18245,3254
18247,4014
18269,3
18271,7
18273,9
18275,3
18277,6419
18283,6
18295,1699
18301,4
18303,5
18305,7
18307,5
18309,6
18311,7
18313,5
18315,4
18317,5
18319,7
18321,4
18323,5
18325,5
18327,4
18329,6
18331,7
18339,3
18341,3
18343,254
18353,9
18355,5
18357,5
18365,19
18375,32
18377,4
18389,8
18391,40
18393,1576
18397,4154
18411,1223
18413,297
18419,122
18425,18
18429,415
18441,1744
18443,6
18447,13
18449,57
18451,5
18455,136
18457,28
18463,23
18465,1115
18469,5
18475,6
18479,12
18481,14
18483,12
18489,13
18491,10
18495,1077
18497,1953
18499,482
18507,6470
18521,4
18523,1080
18525,165
18527,4
18533,14
18549,80
18557,19
18561,20
18567,6
18569,11
18573,5
18575,7
18577,4
18583,5
18587,12
18589,10
18591,6
18599,128
18603,35
18617,1246
18619,735
18627,7
18629,6
18631,7
18635,8
18637,17
18639,73
18643,13
18653,134
18655,271
18661,1363
18669,31
18671,6531
18677,3916
18679,12184
18683,11
18689,2631
18691,215
18693,202
18695,97
18703,6
18713,558
18723,28
18729,34
18731,4
18743,8
18745,935
18747,11
18753,3358
18755,116
18759,4
18767,1658
18771,225
18773,3
18781,100
18795,14
18799,90
18815,12
18817,7
18819,8
18821,5
18823,9
18825,9
18827,14
18829,11
18831,60
18835,66
18841,35
18845,36
18849,679
18851,951
18857,2531
18881,171
18893,2533
18897,9917
18907,4
18919,11
18937,5
18939,4
18941,5
18943,7
18953,89
18959,115
18967,6
18983,6
18989,211
19009,10
19021,1391
19023,1152
19029,296
19049,4
19051,283
19053,10
19059,7
19063,4
19067,114
19069,9
19071,2
19073,5
19081,97
19087,7
19099,167
19101,128
19103,114
19109,734
19111,3086
19115,595
19117,1872
19121,12
19123,656
19125,19
19133,243
19135,21
19137,99
19151,2025
19157,302
19159,420
19163,5459
19165,300
19167,4
19169,15
19171,10
19177,4
19185,88
19187,73
19191,786
19193,707
19195,639
19207,111
19209,19
19211,929
19213,41
19217,35
19219,25
19221,5326
19231,27
19233,33
19235,36
19237,25
19239,26
19251,391
19255,235
19257,771
19261,266
19271,15
19279,27
19283,72
19285,1826
19287,88
19291,1287
19297,121
19305,13
19311,8
19315,2988
19319,969
19325,5
19337,17
19351,77
19363,2418
19365,2304
19367,1361
19369,4613
19383,1530
19391,1026
19397,65
19401,38
19429,3644
19431,131
19433,7
19437,8
19445,7
19447,52
19457,6
19463,6
19467,15
19469,385
19479,13
19481,25
19489,2304
19495,8
19497,3
19501,7
19505,9
19511,656
19513,6
19515,5
19517,6
19519,49
19521,94
19523,57
19533,9
19535,10
19547,6
19555,6
19557,7
19559,7
19569,111
19573,187
19575,236
19581,266
19583,4
19585,12
19587,9
19597,7
19613,421
19619,28
19627,10
19629,84
19631,192
19633,67
19635,78
19645,77
19647,2044
19653,850
19669,954
19671,1070
19681,12
19683,8
19685,2615
19687,11
19695,12
19697,556
19703,2828
19705,8
19717,6
19727,119
19729,7
19731,18
19745,6
19747,11
19749,5
19751,4
19753,6
19755,23
19759,1225
19769,3273
19773,6
19775,3357
19781,12
19783,4
19797,3
19799,466
19811,44
19815,14807
19817,6
19825,35
19831,6
19839,7
19841,815
19843,12
19845,193
19849,14
19855,1306
19857,108
19859,114
19871,61
19873,5
19875,14
19877,28
19879,14
19887,5
19889,168
19897,8
19899,8
19901,8
19905,4
19907,9
19909,7
19917,6
19919,280
19921,4
19923,12
19925,31
19941,5
19943,5
19945,163
19947,9
19951,1549
19953,311
19957,9
19959,13
19961,12
19965,6
19971,11
19973,103
19977,35
19981,7
19983,7
19985,7
19987,7
19989,7
19991,6
19993,7
19995,8
19997,7
19999,8
20001,8
20003,7
20005,6
20007,7
20009,7
20021,3747
20023,7
20025,5
20027,11
20031,4937
20033,1147
20035,435
20039,280
20045,911
20047,3561
20053,1251
20057,3721
20075,8
20077,10
20079,8
20081,5
20083,6
20085,8
20087,9
20093,5
20095,6
20109,8
20111,5
20113,9
20115,7
20117,6
20123,5
20125,7
20127,6
20141,115
20143,7
20145,10
20147,7
20153,24
20155,87
20159,2562
20173,4
20175,7
20177,8
20183,8
20185,11
20187,205
20189,11
20199,4
20201,7
20205,8
20207,9
20221,411
20223,8
20225,11
20227,4
20229,9
20231,8
20233,7
20235,10
20237,9
20239,7
20241,5
20243,6
20261,9
20267,177
20329,200
20353,23
20355,92
20359,911
20365,464
20371,752
20377,168
20379,115
20381,26
20383,7
20385,29
20391,84
20423,712
20431,2144
20441,17
20449,1460
20453,5
20457,2503
20463,22
20469,41
20471,174
20473,545
20479,664
20499,6
20505,50
20507,13856
20509,2105
20517,1033
20529,11
20533,859
20539,19
20541,4801
20543,817
20545,822
20547,39
20555,1501
20557,101
20581,15
20583,9471
20587,9
20589,94
20603,8
20613,153
20649,411
20651,1254
20655,484
20667,45
20671,152
20673,462
20689,3981
20703,5
20705,18
20707,131
20709,2293
20713,19
20715,92
20723,315
20725,14
20743,121
20745,924
20755,5
20757,193
20767,3696
20785,8509
20787,8437
20797,8
20799,10
20801,336
20811,132
20815,488
20835,23
20843,203
20847,3237
20849,318
20853,4816
20855,115
20857,72
20869,18
20871,193
20873,13
20877,349
20889,541
20899,5929
20903,1297
20907,156
20909,613
20913,155
20919,418
20929,44
20931,1804
20939,1334
20945,41
20951,48
20955,20
20959,116
20961,88
20963,6
20965,191
20969,90
20971,519
20973,2298
20975,16
20977,881
20987,142
20995,128
20999,24
21001,168
21009,157
21013,154
21019,6
21021,8
21025,12
21027,102
21031,75
21033,2668
21037,12
21039,1287
21041,103
21053,6
21055,30
21059,85
21065,55
21067,791
21069,189
21073,217
21075,179
21077,81
21081,25
21085,3666
21089,24
21097,400
21099,7
21101,4
21103,221
21105,2455
21107,29
21119,21
21121,5
21129,13
21161,9
21163,13
21167,1233
21177,1921
21179,29
21185,2073
21189,578
21195,314
21201,259
21215,35
21235,358
21241,752
21255,21
21267,354
21273,3237
21275,6
21277,4
21291,6
21293,4
21295,5
21297,5
21305,168
21325,526
21327,4549
21329,1950
21333,38
21335,197
21339,3234
21349,108
21353,2773
21363,106
21373,419
21393,81
21395,49
21405,5001
21407,194
21409,128
21415,664
21419,463
21421,493
21427,145
21431,4627
21433,8
21435,625
21437,1478
21439,784
21441,136
21447,8
21451,119
21467,8
21469,439
21471,51
21473,1099
21475,6
21479,46
21483,4
21485,4
21487,6
21489,7
21491,6
21493,8
21495,179
21497,171
21507,2412
21509,6
21511,3281
21513,101
21517,6
21521,396
21523,26
21525,7
21539,9
21541,559
21545,5
21547,5
21549,6
21551,5
21553,5
21557,2793
21561,3499
21563,1863
21569,471
21571,94
21573,723
21575,103
21587,298
21591,31
21595,57
21597,159
21599,60
21603,5706
21607,55
21635,723
21639,582
21641,55
21647,3504
21649,149
21653,1070
21659,2539
21663,50
21667,1102
21671,125
21677,1303
21679,585
21681,2020
21695,120
21701,28
21703,95
21707,41
21711,6
21713,10
21715,9
21717,16
21729,188
21737,165
21743,1865
21749,7
21751,192
21755,246
21761,5
21763,4
21765,7
21771,392
21773,291
21775,66
21781,282
21797,1251
21809,1221
21821,556
21829,350
21831,27
21833,12
21835,234
21843,4972
21845,1605
21851,95
21853,179
21855,4529
21861,144
21863,3834
21867,190
21869,8
21875,43
21877,2318
21879,868
21881,12191
21891,12
21899,537
21913,6
21925,180
21933,6
21935,6
21937,6
21939,3426
21941,5
21943,5
21945,5
21947,5
21951,6
21953,5
21955,4
21957,6
21959,6
21961,5
21963,5
21967,4
21969,4
21971,5
21973,6
21975,5
21981,5
21995,6964
21997,19
21999,20
22013,119
22031,21
22035,6
22037,6
22039,121
22043,6080
22049,98
22053,20
22055,31
22057,553
22059,28
22065,6
22069,293
22071,822
22081,77
22093,17
22097,1627
22099,76
22101,3661
22111,3
22113,69
22117,582
22119,124
22123,1384
22125,788
22131,6
22135,3803
22137,34
22145,3258
22147,6745
22157,35
22159,18
22161,56
22163,14
22165,20
22167,14
22169,77
22171,16
22173,31
22175,17
22177,36
22179,62
22181,28
22189,930
22197,5
22199,12087
22205,15
22215,56
22219,6
22221,10
22225,638
22231,19
22239,13
22241,10
22247,10
22249,83
22255,32
22265,3708
22271,8
22273,2616
22275,5
22279,6
22293,16
22295,119
22297,7910
22313,8
22319,14587
22325,7
22327,6
22329,5
22335,227
22345,7
22347,134
22359,630
22361,19
22377,158
22381,36
22385,25
22391,5
22393,12
22411,13
22413,5
22415,22
22417,20
22419,86
22421,6
22427,13
22429,691
22433,1364
22435,70
22439,8
22441,9
22443,19
22445,11
22447,12
22449,10
22451,8
22455,13
22457,8
22459,9
22461,10
22465,13
22467,15
22469,12
22471,8
22473,11
22477,8
22479,13
22481,8
22483,9
22485,9
22487,11
22489,11
22491,9
22493,8
22495,8
22497,19
22499,8
22503,7
22507,1050
22509,14
22511,11
22513,84
22523,5
22535,11608
22537,785
22541,10
22543,150
22547,1955
22561,9
22563,10
22565,8
22567,10
22569,8
22571,6
22573,12
22575,8
22577,9
22583,163
22585,6
22591,15
22593,9
22595,6
22597,4
22603,12
22605,7
22607,11
22609,11
22611,11
22613,8
22615,9
22617,9
22619,7
22621,8
22623,8
22625,7
22627,6
22631,10
22633,8
22635,10
22637,7
22639,5
22641,7
22643,5
22645,6
22647,5
22649,5
22651,5
22653,5
22655,108
22657,8
22661,138
22663,3136
22669,6
22671,17
22673,659
22675,14
22677,289
22683,8
22687,2708
22689,734
22693,149
22695,156
22699,182
22709,4
22711,2
22729,5963
22733,105
22735,58
22745,340
22755,6
22757,24
22759,581
22763,700
22777,1366
22785,162
22789,7308
22791,5
22815,73
22817,304
22819,146
22821,10
22827,6
22831,210
22835,1799
22839,1372
22841,38
22845,3
22847,215
22849,23
22851,5
22859,594
22865,2737
22877,3843
22887,5
22893,10
22901,77
22943,15
22953,12
22955,232
22959,4
22961,1900
22973,3
22975,6
22977,5
22979,8
22981,9
22983,39
22985,25
22991,3
22993,3
22995,5
22997,6
22999,8
23001,5
23003,5
23005,7
23007,7
23009,8
23011,5
23013,9
23015,5
23023,106
23029,14
23031,9
23033,250
23037,646
23043,120
23047,141
23051,38
23053,23
23055,25
23057,107
23059,55
23061,33
23063,54
23065,25
23067,59
23079,2784
23083,60
23085,5
23089,17
23097,3
23099,79
23101,120
23107,9
23115,145
23121,1344
23125,5
23129,15
23133,1157
23135,345
23137,100
23149,9
23151,386
23153,242
23157,16
23171,52
23177,20
23179,129
23181,6
23183,7
23185,7
23187,8
23189,21
23191,11
23199,5347
23201,469
23209,1811
23213,195
23225,1171
23227,907
23229,53
23233,5492
23237,871
23245,4
23247,94
23249,273
23251,2722
23259,566
23265,20
23267,11
23269,1254
23273,12577
23275,71
23277,6185
23279,832
23281,6144
23283,9904
23285,256
23289,8856
23293,418
23299,111
23301,380
23303,6
23305,137
23309,2724
23311,2042
23313,7
23315,5
23317,2033
23319,750
23321,5696
23325,970
23327,1788
23333,2096
23341,555
23343,7
23345,8
23347,5
23349,7
23351,13
23353,6
23359,237
23361,280
23363,136
23365,33
23367,59
23369,267
23375,50
23383,1114
23385,1769
23387,43
23393,12
23399,410
23401,18
23405,188
23407,6
23409,19
23421,2139
23423,552
23425,159
23427,550
23433,361
23439,159
23441,762
23447,825
23459,402
23475,36
23477,64
23479,332
23483,79
23487,172
23499,59
23511,9
23515,8
23517,18
23519,76
23523,9
23537,3
23539,165
23551,291
23555,16
23569,5
23575,5
23579,254
23581,21
23583,17
23585,9
23587,1335
23593,3
23595,21
23597,15
23605,923
23607,6
23609,5
23611,2
23613,4
23615,10
23617,4
23619,584
23621,16
23623,2459
23627,97
23633,4
23635,4
23637,4
23639,6
23641,6
23643,6
23645,5
23647,6
23651,9
23659,13
23661,10
23665,101
23673,4330
23675,11
23677,11
23679,70
23697,245
23699,7
23701,713
23703,395
23707,5
23709,5
23711,11
23713,3
23719,79
23721,8
23723,5
23725,440
23727,1
23729,1
23731,4
23733,11
23735,156
23737,13
23739,10
23741,10
23753,20
23755,10955
23759,25
23761,66
23763,8
23765,8
23767,6
23769,5
23775,1220
23777,1115
23779,10
23781,171
23787,301
23799,5
23801,4
23815,9
23819,5
23825,19
23829,8
23831,298
23835,56
23837,67
23847,8098
23849,90
23855,11
23857,9
23861,6
23863,4
23865,3
23867,2
23869,3
23871,58
23877,66
23881,9
23885,6
23889,6
23895,27
23897,29
23899,9
23901,16
23903,30
23909,13
23911,5
23915,19
23917,17
23931,51
23933,50
23935,55
23943,40
23945,1343
23967,4
23969,7
23971,7
23973,5
23975,9
23979,7
23983,8
23985,180
23987,523
23989,334
23991,89
24011,934
24019,8
24021,105
24023,47
24029,163
24031,2147
24037,1340
24041,4
24045,7
24047,7
24049,8
24051,8
24053,8
24071,15
24073,8
24075,1219
24085,5
24087,9
24089,6
24093,11
24109,28
24121,4
24123,54
24127,47
24133,3372
24135,1049
24139,40
24151,1631
24159,5
24169,117
24171,172
24175,576
24179,40
24181,43
24197,54
24199,43
24201,40
24211,1472
24227,2277
24231,2730
24237,8
24257,8
24259,11
24261,759
24269,5
24271,99
24273,144
24275,32
24277,1664
24315,8
24317,92
24321,33
24327,64
24347,92
24355,5
24357,121
24363,10
24365,637
24371,87
24373,9
24377,135
24403,9
24405,3452
24415,5003
24417,20
24429,181
24437,23
24439,7493
24441,8
24443,17
24447,4
24451,481
24453,99
24455,3686
24457,52
24459,828
24465,3
24469,547
24471,316
24475,912
24489,4
24501,7
24527,20
24531,529
24543,860
24549,3
24573,8
24575,10
24577,11
24591,61
24603,7
24619,11
24625,564
24627,1443
24629,1595
24633,14
24637,24
24641,475
24645,9
24647,9
24655,2058
24663,10
24669,5
24675,11
24677,6
24679,6
24681,9
24683,3
24687,1453
24695,796
24699,547
24701,2745
24703,5689
24705,2255
24713,257
24719,19
24727,326
24743,34
24745,91
24751,727
24763,66
24765,5127
24773,6
24775,4
24781,840
24783,21
24785,9
24789,12
24791,4
24793,15
24795,4
24797,3
24803,3
24807,12
24809,7
24811,8
24817,39
24819,8
24821,428
24823,161
24833,10695
24835,157
24839,4
24843,9
24845,12
24847,34
24849,87
24851,91
24855,904
24857,3
24859,6
24861,15
24865,3
24869,11
24873,1968
24875,6
24877,4
24881,4
24883,4
24893,1764
24901,11
24903,11
24905,11
24909,247
24911,95
24913,871
24919,504
24921,538
24923,2
24927,5
24935,175
24967,147
24969,6
24973,292
24975,52
24977,7
24981,4
24985,11
24987,170
24989,10
24991,2190
24995,9
24997,1679
24999,10
25011,645
25013,6990
25015,1755
25027,7
25029,13
25033,7
25035,2
25045,625
25049,22
25051,4
25053,8
25055,114
25057,3
25059,4
25061,8
25063,5
25065,12
25069,12
25071,8
25073,7
25075,5
25077,51
25079,10
25081,5
25083,9
25085,6
25087,17
25089,7
25091,3
25093,2
25095,4
25099,2953
25101,6
25103,8
25109,4
25113,39
25117,140
25139,3
25143,377
25149,8
25157,6593
25159,4741
25161,1075
25169,43
25173,14
25183,5763
25193,2
25241,899
25253,13
25257,102
25259,104
25265,37
25267,26
25271,92
25283,2720
25285,557
25291,38
25293,15
25299,3
25301,5
25303,1338
25305,8
25313,667
25329,3
25341,280
25345,519
25363,6
25365,109
25375,151
25377,8
25383,48
25389,1660
25393,22
25397,4892
25429,2018
25431,221
25437,331
25439,87
25441,51
25457,100
25461,20
25473,4
25491,23
25495,47
25503,7
25517,1471
25519,2184
25533,19
25537,3584
25541,7
25543,38
25545,9
25547,6
25549,38
25567,431
25589,3
25591,15
25597,7
25599,5
25601,5
25605,2
25607,2
25609,4
25611,4
25613,5
25615,4
25617,3
25619,4
25623,10
25627,8
25633,1
25635,91
25639,16
25641,41
25647,340
25649,1106
25661,5
25667,266
25669,56
25681,2947
25687,1683
25689,391
25717,11
25719,260
25729,267
25731,2615
25749,13
25755,197
25777,11971
25781,3881
25801,216
25805,461
25809,3
25815,5
25833,64
25835,5671
25839,869
25857,48
25859,1181
25861,336
25867,1578
25871,10
25873,32
25875,163
25877,113
25879,2982
25883,151
25889,11
25891,14
25897,221
25907,718
25915,33
25921,8
25923,117
25939,525
25941,8
25943,192
25963,6
25965,16
25967,13
25969,12
25971,16
25973,17
25975,17
25977,10
25979,7
25981,7
25983,5
25985,13
25987,7
25991,77
25999,63
26007,7
26009,8
26011,9
26013,7
26015,13
26017,9
26019,127
26023,765
26031,8
26033,5
26035,7
26043,5
26053,34
26055,5193
26057,680
26059,72
26063,34
26079,18
26081,10
26085,756
26087,3
26089,3
26091,1
26093,2
26095,3
26097,4
26099,3
26101,5
26103,2
26105,3
26107,2
26109,4
26111,16
26113,3
26115,5
26117,11
26119,4
26123,1120
26133,3
26135,10
26137,4
26139,2
26141,4
26143,2
26145,3
26147,3
26149,1
26151,1
26153,3
26155,2
26157,3
26159,14
26163,4
26165,1773
26183,232
26189,18
26197,5
26199,4
26209,6
26213,1026
26215,1
26217,4
26219,2
26221,1
26223,2
26225,2
26227,1
26229,1
26231,2
26233,3
26235,2
26237,4
26239,3
26241,2
26243,9114
26247,6
26249,2
26251,3
26253,3
26255,1
26257,3
26259,3
26261,4
26263,3
26265,5
26267,5
26269,4
26271,4
26273,4
26275,3
26277,4
26279,16
26281,6
26283,6
26285,6
26287,4
26289,4
26291,3
26293,4
26295,3
26297,4
26299,4
26301,4
26303,9
26305,3
26307,5
26309,4
26311,1
26313,3
26315,4
26317,3
26319,3
26321,4
26323,1
26325,1
26327,5
26329,3
26331,3
26333,4
26335,8
26337,3
26339,3
26341,4
26345,5
26347,6
26349,4554
26351,2108
26359,199
26395,445
26441,2444
26443,1979
26447,7
26449,440
26453,121
27363,116
27369,4
27371,4
27373,3
27375,7
27377,4
27379,5
27387,991
27389,4
27393,6
27399,12
27405,13
27411,712
27413,110
27417,460
27419,198
27437,11
27441,1218
27451,5
27453,5
27455,5
27457,5
27459,5
27461,4
27463,6
27465,5
27467,6
27491,5
27493,4
27495,5
27497,4
27501,6
27503,304
27509,264
27519,9
27521,8
27525,1712
27539,34
27551,6
27557,12
27559,7
27561,4
27567,33
27569,6
27571,4
27573,21
27575,8
27577,6
27579,6
27589,12
27601,1469
27603,125
27613,213
27619,164
27621,18
27629,186
27631,5238
27633,1891
27651,7
27653,43
27655,3756
27663,1241
27677,19
27681,6
27683,5
27687,16
27693,17
27709,90
27721,16
27723,8
27727,1357
27737,67
27741,132
27747,64
27757,13
27775,7426
27783,767
27785,65
27787,5918
27789,44
27793,77
27811,10
27815,185
27821,4001
27825,101
27829,2271
27831,4150
27833,3716
27837,6
27839,3
27841,4
27843,2
27845,4
27847,4
27849,3
27851,3
27853,2
27855,3
27857,339
27879,89
27881,94
27887,208
27891,1380
27899,10589
27907,73
27909,83
27911,860
27915,5
27921,3
27927,405
27939,133
27943,22
27945,219
27947,847
27949,17
27951,9
27957,1524
27961,1
27963,4
27965,3
27967,333
27969,561
27989,4976
27991,3399
27993,6
27997,31
28013,1103
28017,1
28019,3
28021,2
28023,4
28025,4362
28035,8
28041,36
28045,21
28047,19
28049,16
28051,19
28053,28
28055,14
28057,11
28063,681
28067,11
28069,1672
28071,12
28073,4
28077,97
28085,48
28087,6
28089,3
28091,7
28093,34
28097,5
28099,6
28101,3
28103,7
28105,549
28109,3
28111,5
28113,3
28115,4
28117,7
28119,4
28121,10312
28143,18
28145,9
28149,883
28151,18
28155,695
28157,189
28169,111
28171,10749
28179,196
28185,7
28197,13
28201,7
28205,149
28207,129
28211,1144
28215,430
28221,1345
28223,11582
28227,127
28235,12
28237,11
28241,24
28245,22
28247,23
28249,4489
28251,31
28257,28
28263,6
28283,419
28285,1637
28293,4
28297,6260
28299,733
28305,8
28309,232
28311,174
28313,166
28339,76
28347,13
28351,159
28353,1
28355,11
28361,11
28367,11
28369,12
28371,11
28377,31
28381,24
28385,60
28387,2354
28391,2173
28401,21
28405,1376
28419,17
28423,1586
28427,6
28431,176
28433,61
28439,102
28447,313
28479,411
28483,1
28485,1
28487,1
28489,7
28495,221
28497,6234
28511,60
28517,88
28519,83
28531,101
28537,555
28539,414
28543,4
28545,3
28547,4
28549,2
28551,2
28553,2
28555,5
28557,2
28559,4
28561,3
28563,4
28565,2
28567,1
28569,3
28571,2
28573,1
28575,2
28577,2
28579,3
28581,3
28583,3
28585,3
28587,26
28591,21
28593,178
28595,22
28603,82
28607,560
28615,10
28617,3084
28619,2028
28621,2774
28623,7362
28625,1354
28631,16
28637,37
28639,25
28641,23
28645,44
28647,25
28653,11
28655,17
28657,26
28665,17
28669,249
28673,108
28675,2558
28677,6761
28683,194
28685,9
28687,28
28689,5
28691,27
28693,3
28695,17
28701,6563
28713,401
28715,47
28717,40
28723,41
28725,3735
28733,15
28735,3839
28749,6
28755,3238
28759,3
28761,254
28765,19
28771,742
28775,33
28779,279
28789,337
28791,1283
28805,4128
28809,21
28811,26
28813,16
28815,16
28817,1546
28819,3343
28825,5969
28827,7
28829,6
28831,23
28833,1298
28835,91
28841,222
28843,48
28851,11416
28853,72
28859,108
28861,349
28869,101
28881,295
28883,1335
28885,5
28887,4
28891,6938
28897,13
28907,7193
28911,28
28913,21
28915,21
28921,28
28925,12
28927,5832
28929,458
28951,37
28953,23
28955,5
28957,1575
28959,34
28961,263
28963,33
28965,4
28977,4058
28979,2526
28981,584
28983,7
28987,11
28989,14
28991,12
28993,29
28999,10341
29003,6
29017,126
29027,1485
29035,166
29053,8
29067,2839
29073,6
29083,160
29085,135
29087,85
29089,376
29093,2735
29095,3922
29099,5
29101,1095
29103,10
29105,14
29107,15
29111,5
29123,52
29129,197
29135,13
29141,18
29151,5
29153,5
29163,1049
29165,118
29173,25
29177,9
29179,9
29181,6
29207,2
29209,2
29223,226
29231,15
29233,8
29235,9
29247,7
29249,7
29255,87
29261,179
29267,6
29269,5
29271,5
29273,5
29275,3
29283,10
29291,29
29293,31
29301,375
29307,7
29311,22
29317,2005
29323,11
29325,778
29347,51
29349,2
29351,5
29353,10
29355,8
29357,3
29359,6
29361,3
29363,6
29365,2
29367,3
29369,5
29371,2
29373,5
29375,4
29377,9
29379,4
29381,2
29383,3
29385,3
29387,3
29389,3
29391,8
29393,6
29395,8
29397,7
29399,6
29401,3
29403,4
29409,10
29411,24
29413,103
29419,64
29421,3
29423,3
29425,4
29427,9
29429,12
29431,6
29433,2
29435,4
29437,63
29445,4
29451,10
29453,12
29455,9
29457,10
29459,8
29467,2
29469,4
29471,3
29473,2
29475,8
29477,4
29479,2
29481,13
29483,4
29485,2
29487,4
29489,3
29491,2
29493,4
29495,7
29497,3
29499,7
29501,9
29503,8
29505,6
29507,5
29511,337
29513,447
29515,41
29517,62
29527,4
29529,4
29535,7
29537,7
29539,7
29541,7
29543,6
29545,6
29547,6
29549,5
29551,13
29555,11
29557,11
29559,5
29573,144
29575,629
29583,352
29585,12
29587,7
29589,2345
29597,21
29603,15
29605,13
29609,11
29611,9
29613,6
29615,35
29617,41
29619,28
29623,13
29629,26
29633,11
29635,12
29637,11
29643,107
29645,4
29647,7
29649,6
29651,5
29653,7
29655,5
29657,9
29661,10
29665,6
29667,5
29669,5
29671,3
29673,9
29675,4
29677,8
29679,10
29681,13
29687,20
29697,40
29701,11
29703,93
29705,144
29707,54
29708,4
29709,3
29710,6
29711,4
29712,4
29713,3
29715,82
29716,7
29718,14
29719,4
29722,27
29727,11
29729,10
29730,88
29731,14
29733,3
29738,3
29739,12
29740,3
29741,3
29742,4
29743,4
29744,5
29745,3
29746,4
29747,4
29748,3
29749,3
29750,6
29751,5
29752,13
29755,662
29756,55
29757,16
29758,2997
29759,3
29764,14
29765,19
29766,23
29767,10
29768,32
29770,24
29771,19
29772,49
29777,44
29778,31
29780,6
29782,8
29785,3116
29786,6962
29787,1653
29791,9
29792,5
29793,9
29795,5
29796,6
29797,6
29798,5
29799,7
29800,6
29801,81
29803,9845
29807,136
29808,200
29809,213
29812,8
29814,4
29820,10
29821,14
29822,16
29823,15
29825,8
29829,206
29830,198
29831,200
29832,5
29833,8
29834,11
29835,8
29836,4
29837,17
29842,4
29843,4
29844,3
29846,16
29850,24
29851,6
29852,99
29853,74
29854,2715
29855,236
29856,9
29857,9
29860,10
29861,12
29862,11
29863,35
29865,84
29867,6
29868,67
29870,8
29871,18
29876,373
29886,5
29888,10
29889,2
29893,558
29895,7
29897,8
29898,5
29900,3
29901,4
29902,22
29904,18
29905,20
29906,17
29907,26
29908,16
29910,19
29915,100
29916,112
29917,5
29918,5
29919,8
29920,7
29921,8
29922,6
29923,9
29924,4
29925,4
29926,8
29927,40
29928,7
29929,6
29932,26
29933,11
29935,13
29936,18
29937,10
29941,337
29943,66
29944,28
29946,17
29947,6
29948,4
29949,344
29952,27
29953,4
29954,20
29955,9
29956,11
29957,27
29961,10
29963,9
29966,9
29970,10
29971,13
29972,11
29973,19
29974,1173
29975,102
29976,1313
29978,353
29979,48
29980,69
29984,38
29985,4
29986,4
29987,5
29988,18
29989,12
29992,6
29994,8
29995,62
29998,164
29999,22
30010,36
30012,10
30013,19
30014,1245
30015,8320
30016,2877
30018,13
30019,12
30024,3
30025,2
30026,3
30027,2
30028,9
30029,2
30030,52
30034,3
30036,8
30039,42
30042,10
30045,15
30046,10
30048,4
30049,3
30050,3
30051,3
30052,3
30053,24
30054,3
30055,3
30056,643
30057,2
30058,9
30059,10
30060,4
30061,5
30064,8
30065,8
30066,10
30070,6
30071,5
30072,5
30073,10
30074,9
30075,15
30076,11
30077,15
30078,9
30079,12
30080,12
30081,9
30082,9
30083,8
30085,9
30086,30
30088,61
30089,10
30090,9
30091,1707
30092,19
30093,10
30094,10
30095,10
30096,8
30097,9
30098,7
30099,7
30100,283
30103,32
30104,6
30105,7
30106,6
30107,3
30116,4
30117,2
30118,3
30119,5
30120,4
30121,3
30122,7
30123,5535
30124,5
30125,6
30127,1668
30128,93
30129,3
30131,4
30132,101
30133,21
30134,3
30137,648
30138,3
30139,3
30140,6
30143,28
30144,4
30145,14
30148,2
30149,2
30150,5
30151,10
30152,3
30153,3
30154,3
30155,39
30156,29
30157,7
30158,5
30159,6
30160,10
30161,7
30162,9
30163,8
30164,9
30165,11
30166,37
30167,7
30168,97
30169,8
30173,7
30176,6
30177,7
30178,42
30187,3297
30191,991
30193,11
30196,94
30198,4
30199,12
30200,6
30201,11
30202,8
30204,4
30205,2931
30206,1373
30207,5
30208,5
30209,4
30210,8
30211,14
30212,14
30213,9
30214,18
30217,17
30218,94
30223,169
30228,5
30230,1340
30232,6
30234,46
30235,6
30237,176
30240,7743
30241,7
30242,119
30243,294
30245,7
30246,47
30247,5
30249,11
30250,372
30251,188
30262,59
30263,12
30264,16
30267,3
30268,4
30269,85
30276,15022
30278,19
30279,1658
30284,6
30289,9
30290,132
30291,90
30292,59
30296,6725
30298,12
30300,1810
30305,6
30307,6082
30309,22
30311,399
30312,4
30313,7
30321,1180
30324,44
30326,11
30327,12
30328,14
30329,12
30330,10
30331,13
30332,18
30334,13
30335,9
30336,11
30337,12
30339,10
30340,14
30341,9
30342,7
30343,3
30344,705
30346,1999
30347,1811
30349,4
30355,888
30358,90
30360,4
30362,16
30363,3232
30364,562
30365,971
30367,27
30370,1446
30375,715
30376,117
30378,16
30379,396
30381,180
30382,426
30383,1913
30384,462
30385,1729
30386,46
30390,38
30392,7
30393,9
30394,8
30395,5
30396,13
30397,9
30398,6
30399,10
30400,11
30401,9
30403,7
30404,10
30405,17
30407,6
30408,5
30409,5
30410,10
30411,13
30412,53
30413,512
30415,1019
30417,5
30418,8
30419,183
30420,11
30424,17
30425,16
30427,17
30428,19
30429,13
30430,9
30431,17
30433,11
30435,6
30437,810
30438,31
30442,7
30443,7
30444,5
30445,63
30446,10
30447,5
30448,233
30449,8
30450,15
30453,11
30454,107
30455,646
30457,3
30458,2365
30460,103
30463,45
30464,485
30468,6
30470,6
30473,32
30480,13
30481,13
30483,8
30484,6169
30485,1757
30489,13
30499,84
30503,9473
30512,25
30514,800
30519,38
30524,688
30530,3
30531,113
30533,166
30534,7
30537,63
30543,91
30544,5402
30547,157
30549,257
30556,5
30559,13
30567,391
30571,10
30573,68
30576,12
30582,3
30583,221
30585,695
30600,133
30602,3
30605,5
30614,255
30617,89
30625,31
30634,4
30641,397
30646,6
30647,17
30648,14
30649,55
30651,144
30652,542
30654,7130
30658,73
30659,23
30663,41
30664,14
30665,22
30666,10
30667,15
30668,33
30669,12
30673,9
30679,205
30686,71
30694,4322
30695,269
30702,177
30704,3
30705,746
30709,1410
30711,1105
30714,916
30721,824
30723,5
30727,3250
30732,6
30736,2663
30738,15
30739,90
30740,1404
30741,111
30743,15
30745,567
30746,294
30749,3392
30751,35
30752,4
30753,5
30754,7
30757,360
30759,4
30760,4
30761,4
30762,2
30763,5
30764,3
30765,1
30766,16
30767,4
30770,68
30771,139
30777,10
30778,1492
30781,8
30782,1265
30790,151
30795,1115
30796,3
30803,8
30806,1666
30812,153
30813,221
30814,10
30817,94
30818,72
30825,226
30826,154
30829,149
30831,11447
30839,4
30840,14
30842,30
30845,71
30850,70
30851,10
30859,27
30860,34
30861,4
30862,44
30863,18
30864,8
30865,27
30868,729
30869,384
30870,349
30873,5
30875,4
30885,2465
30886,28
30891,294
30892,5
30893,10
30895,1572
30896,96
30898,149
30901,1660
30902,898
30903,97
30905,5
30906,1
30907,50
30909,31
30911,3689
30912,64
30913,159
30914,2
30915,685
30916,21
30919,208
30920,54
30921,46
30922,84
30923,36
30924,59
30925,577
30926,3
30927,4
30928,3
30929,3
30930,4
30931,4
30932,4
30933,3
30935,1
30938,1
30939,11
30940,3
30941,3
30942,3
30943,8
30944,3
30947,99
30948,750
30952,254
30953,222
30954,33
30955,22
30957,7
30958,1
30959,2
30960,6
30961,4
30965,7
30967,33
30968,2
30969,3
30970,5
30971,3
30973,8
30974,1
30975,3
30976,1
30977,2
30978,2
30979,1
30980,2
30981,1
30982,2
30983,1
30984,1
30985,6
30988,181
30989,8
30991,1122
30997,1
30998,2
30999,2
31000,2
31001,2
31002,2
31003,2
31004,1
31005,1
31007,2
31008,2
31009,1
31014,62
31015,1
31016,1
31017,3
31018,88
31019,6
31020,3
31033,8
31034,8
31035,94
31043,12529
31044,68
31048,52
31049,196
31050,213
31051,1026
31052,4
31054,10
31055,28
31056,528
31057,15
31064,44
31065,46
31068,26
31070,161
31071,15
31072,35
31073,33
31078,4
31080,1174
31091,1041
31096,582
31098,1394
31101,97
31102,50
31105,39
31107,23
31108,83
31109,1337
31111,42
31113,48
31115,154
31116,5
31117,169
31118,125
31121,649
31128,295
31129,6
31133,68
31135,6
31137,64
31138,1137
31139,251
31143,689
31144,128
31145,127
31147,1519
31149,729
31150,11
31156,379
31157,481
31158,127
31163,3859
31164,10
31165,174
31166,10
31168,89
31170,12
31173,3046
31174,2128
31177,6
31178,452
31181,4499
31189,142
31196,123
31201,54
31202,8
31205,6
31211,5
31221,322
31223,1039
31227,152
31229,2556
31231,318
31233,120
31234,829
31235,9
31236,9
31237,4
31238,11
31239,4
31240,12591
31244,70
31245,2234
31246,10
31251,2258
31252,37
31255,2
31257,15
31258,10
31259,16
31261,8
31262,15
31263,17
31264,10
31265,9
31266,8
31267,13
31268,8
31269,7
31280,342
31283,343
31289,535
31297,1917
31298,171
31299,16
31300,97
31302,12
31309,27
31310,28
31317,5
31318,1762
31319,84
31321,12
31324,763
31326,937
31327,1535
31331,51
31338,3217
31339,5021
31344,113
31348,9
31361,9
31362,55
31368,789
31369,8
31370,270
31373,22
31374,2173
31376,3567
31377,21
31378,874
31380,973
31387,83
31389,1336
31397,151
31400,134
31401,109
31402,89
31403,59
31404,5013
31405,3063
31410,13
31414,2394
31417,461
31418,640
31422,426
31424,44
31426,69
31427,17
31430,1041
31433,1192
31436,3
31439,681
31440,342
31442,5395
31445,18
31448,146
31450,8
31452,1200
31454,43
31456,1079
31463,8
31464,3
31465,4
31467,22
31471,32
31476,22
31478,7794
31483,993
31485,92
31486,70
31490,1444
31491,400
31493,22
31494,30
31498,672
31499,624
31500,1605
31501,26
31505,12
31506,3
31507,20
31508,1
31509,2
31510,3
31511,1
31512,17
31513,17
31517,10
31518,96
31519,651
31521,188
31530,113
31534,22
31537,1421
31539,32
31540,1038
31547,2
31549,78
31551,19
31552,802
31553,1931
31555,8
31559,2356
31560,327
31561,446
31562,6
31563,4
31564,1055
31566,90
31568,28
31573,96
31575,5
31578,305
31580,5463
31581,50
31582,10
31583,11
31584,13
31585,9
31586,94
31587,8
31588,1453
31592,837
31593,172
31598,490
31599,7
31603,5
31604,3
31608,131
31610,602
31617,93
31618,47
31621,949
31624,17
31629,2042
31630,1822
31631,224
31633,342
31634,133
31636,4924
31637,5062
31638,6
31639,5
31640,5
31641,21
31642,3
31643,4
31644,11
31645,840
31646,6035
31647,28
31652,127
31658,1951
31662,4
31665,927
31667,8
31668,95
31669,57
31670,77
31672,4
31673,14
31674,12
31675,215
31676,79
31678,69
31680,1286
31683,446
31685,30
31686,46
31687,51
31688,22
31689,29
31690,3
31691,4
31692,1
31693,7
31694,4
31695,12
31696,2
31697,3
31698,4
31699,6
31700,5
31701,5
31704,3375
31706,1475
31710,2265
31711,1125
31715,1493
31716,2674
31722,4603
31730,10
31733,650
31736,284
31737,3506
31738,35
31740,141
31741,3465
31746,6
31747,13
31749,35
31750,49
31753,5
31754,569
31756,641
31757,3768
31758,3729
31759,22
31760,31
31761,25
31762,140
31763,928
31764,3429
31765,5256
31769,15
31771,1592
31772,2917
31777,43
31780,237
31783,932
31785,74
31788,167
31789,232
31790,1094
31793,548
31797,360
31798,6462
31804,1333
31807,16
31810,202
31812,1543
31815,434
31821,1935
31827,84
31829,43
31830,30
31831,17
31832,22
31833,15
31834,21
31838,100
31845,2631
31846,55
31848,1126
31851,133
31853,335
31859,6683
31861,112
31865,199
31866,79
31867,295
31868,5
31872,6
31873,7
31874,12
31878,6
31880,60
31882,7
31883,238
31884,181
31885,105
31886,351
31890,281
31892,7
31893,6
31894,54
31898,5
31903,17
31904,2662
31908,38
31909,243
31911,55
31912,16
31914,1843
31918,548
31919,40
31923,57
31924,3
31925,13
31926,10
31927,228
31931,1318
31933,4957
31941,35
31942,7
31948,4
31952,3193
31953,4450
31964,13177
31965,17
31966,44
31967,83
31971,6
31972,15
31973,695
31977,35
31978,37
31980,670
31984,11
31988,2508
31989,438
31994,576
31995,119
31997,135
32005,388
32010,3
32011,116
32012,58
32013,2265
32014,3
32015,726
32016,139
32023,1204
32026,223
32030,88
32031,78
32032,1631
32034,30
32038,399
32039,241
32041,19
32051,482
32058,31
32059,14
32063,124
32065,31
32071,1089
32073,6
32074,6
32083,1511
32084,103
32086,1437
32087,12
32088,13
32092,9
32093,4288
32094,1258
32105,4340
32107,4
32108,1034
32122,509
32133,60
32136,8
32139,50
32142,10
32143,8
32144,12
32145,7
32146,8
32147,6
32148,10
32149,8
32150,14
32151,104
32152,255
32153,401
32158,18
32160,55
32166,6
32167,6
32171,828
32174,175
32175,1171
32182,9944
32188,2556
32189,3010
32190,140
32191,210
32195,23
32197,4
32202,87
32212,393
32214,908
32215,1296
32218,9
32219,19
32221,5
32222,13
32224,7
32225,5
32226,6
32227,5
32228,310
32229,6
32230,17
32233,64
32237,5
32238,88
32239,119
32240,111
32245,1779
32247,36
32248,69
32251,16
32252,2
32253,3
32254,5
32255,7
32256,21
32257,9
32259,9
32262,3444
32264,46
32267,137
32268,2573
32269,5
32270,5
32271,1735
32274,74
32275,3
32276,3
32281,13296
32282,7450
32287,316
32288,26
32289,30
32291,15
32293,13
32294,102
32295,19
32296,21
32297,12
32298,23
32301,356
32309,258
32310,6
32311,165
32313,567
32316,33
32321,94
32322,8
32323,850
32324,46
32338,89
32343,19
32344,11
32345,11
32346,19
32349,32
32353,53
32355,388
32359,62
32360,2105
32365,1077
32366,1028
32369,5
32370,2226
32376,43
32377,44
32379,3084
32380,3686
32382,53
32383,128
32384,37
32385,15
32388,7
32397,50
32400,62
32402,6
32405,133
32407,1967
32408,10
32409,305
32410,193
32412,104
32415,178
32417,2
32418,2
32419,4
32420,5
32421,7
32422,11
32423,179
32430,6
32437,137
32438,3288
32446,78
32447,748
32448,3
32454,284
32455,184
32461,92
32467,128
32468,182
32472,4
32473,6
32475,4
32476,80
32481,94
32483,894
32484,145
32485,1776
32491,1956
32494,1810
32502,41
32503,19
32511,64
32518,110
32521,23
32526,2108
32534,52
32542,6780
32543,47
32547,686
32548,68
32551,871
32553,970
32555,752
32557,9
32559,4
32561,826
32563,18
32564,12
32566,798
32568,11
32571,77
32572,55
32574,621
32580,5
32581,10
32582,16
32583,6
32585,6
32587,454
32590,3
32593,4
32595,1347
32596,8
32598,2
32600,39
32601,511
32603,1842
32606,593
32607,1720
32608,1057
32609,9
32613,358
32615,6648
32618,9
32620,163
32621,5
32622,7
32623,5
32625,161
32626,9
32627,2
32628,5
32629,5
32630,4
32633,40
32634,250
32636,11
32637,14
32639,9
32642,12
32644,11
32646,6
32648,3084
32660,7
32663,18
32664,999
32665,21
32666,6
32667,284
32668,1596
32670,23
32673,1759
32676,3
32681,2015
32682,394
32684,60
32686,3819
32691,47
32693,6
32695,22
32696,1750
32697,391
32698,1118
32700,169
32707,20
32716,4
32717,248
32728,22
32729,6265
32730,140
32732,4
32733,7
32734,7
32735,98
32736,15
32737,25
32738,2
32739,77
32740,381
32745,16
32747,16
32748,17
32749,21
32750,13
32751,19
32752,7
32755,15
32756,9
32757,12
32758,10
32759,9
32760,14
32761,11
32762,13
32763,11
32764,15
32765,11
32767,14
32768,11
32772,137
32773,7
32775,14
32776,12
32777,7
32778,13
32779,13
32781,14
32783,11
32784,8
32785,34
32786,6
32788,8
32789,17
32790,16
32792,417
32794,3
32796,4
32797,4
32799,3
32800,11
32801,1910
32802,111
32803,11
32804,26
32805,154
32806,62
32807,7
32808,7
32809,5
32811,11
32812,12
32813,40
32816,79
32817,86
32818,8
32819,6
32820,6
32821,5
32823,3
32826,75
32827,2659
32828,3702
32829,431
32830,75
32831,19
32832,33
32833,219
32834,4
32835,6
32836,492
32842,4
32843,462
32844,9
32845,9
32847,15
32850,15
32851,10
32852,13
32853,25
32854,17
32855,17
32856,12
32857,8
32858,10
32859,10
32860,8
32861,12
32862,8
32863,520
32864,180
32866,888
32867,4687
32868,11
32869,418
32870,350
32871,359
32872,238
32875,28
32876,9
32878,796
32879,104
32881,357
32884,5
32885,5
32886,70
32887,3464
32888,26
32889,9
32890,6
32892,8
32894,93
32895,130
32897,6
32898,40
32899,3530
32900,1834
32901,5801
32902,3477
32904,2
32906,204
32907,5
32915,738
32916,7
32920,5
32924,1808
32926,7
32927,30
32928,7
32930,959
32932,59
32933,12
32934,62
32935,5813
32936,1324
32937,8795
32943,19
32944,14
32946,79
32947,986
32948,1638
32949,5922
32950,154
32951,5201
32953,205
32954,354
32956,13
32959,118
32961,522
32962,2905
32977,843
32979,2493
32981,1469
32982,81
32983,2114
32989,17
32993,126
32995,5418
32997,125
32998,5698
32999,16
33002,4
33003,2154
33004,508
33010,1572
33011,203
33012,1562
33013,312
33018,1648
33019,575
33021,268
33023,1210
33024,137
33025,122
33026,92
33027,184
33028,2639
33031,712
33032,569
33033,141
33034,427
33035,261
33036,1186
33037,410
33038,123
33041,388
33042,26
33044,11
33045,239
33046,622
33047,2193
33048,67
33049,2396
33050,1632
33051,1226
33056,88
33059,6
33060,5
33062,5
33064,357
33069,304
33071,1333
33074,148
33075,745
33077,2
33078,4
33079,5
33080,1151
33082,859
33083,4
33084,4
33085,7
33086,4
33087,43
33089,1190
33091,1635
33094,1993
33095,2191
33099,5
33102,99
33103,78
33104,96
33105,34
33106,123
33108,3
33113,404
33114,9
33115,4
33116,4
33118,169
33119,119
33122,9
33123,4
33124,11
33125,135
33126,15
33129,335
33130,22
33132,2
33133,5
33134,4
33135,5
33136,2
33138,114
33142,975
33144,18
33145,49
33146,26
33148,26
33149,40
33150,26
33151,19
33152,28
33153,93
33154,11
33155,128
33156,144
33157,380
33161,2373
33163,13
33164,326
33165,106
33170,97
33173,130
33174,4
33175,3
33176,6
33177,6
33181,232
33183,52
33184,415
33185,152
33187,135
33188,5
33190,655
33191,939
33192,25
33193,16
33194,7
33195,14
33196,8
33197,894
33199,4
33200,2
33201,317
33203,1418
33204,670
33205,96
33206,7673
33208,76
33209,228
33213,11
33215,7
33217,10
33218,516
33219,318
33220,26
33221,244
33222,1082
33225,18
33226,15
33228,19
33231,162
33232,21
33234,6
33236,16
33237,4
33238,14
33239,23
33240,167
33241,983
33242,342
33244,569
33245,151
33247,68
33248,1023
33253,2834
33254,408
33255,5510
33258,9
33262,5
33263,1483
33266,24
33267,8
33271,12
33272,15
33273,8
33274,266
33276,41
33278,7
33279,10
33280,594
33281,72
33282,26
33283,17
33286,1809
33290,6
33291,119
33295,45
33299,615
33300,3
33302,196
33305,19
33308,38
33309,80
33310,3
33312,30
33314,189
33318,9
33319,1
33320,1
33322,308
33323,601
33325,4
33326,53
33335,8
33337,2058
33338,838
33339,30
33341,360
33342,4
33343,5
33344,13
33348,6
33349,2
33350,332
33352,9335
33354,1435
33357,28
33358,11
33360,116
33362,260
33363,91
33366,23
33369,19
33371,539
33372,872
33377,1613
33378,314
33383,4
33387,5
33388,11
33389,31
33390,31
33391,63
33392,554
33393,83
33394,174
33396,23
33398,13
33400,12
33401,11
33414,6
33415,4
33417,765
33419,235
33420,78
33421,1662
33422,4
33429,10
33430,12
33431,2
33433,2596
33434,43
33438,25
33443,52
33446,213
33447,384
33449,14
33454,17
33455,118
33456,334
33457,54
33462,474
33465,5
33473,13
33474,13
33475,3099
33478,1627
33479,5
33480,5
33484,4
33485,5
33486,11023
33487,6154
33489,5287
33490,56
33491,124
33493,20
33498,11
33499,10
33500,8
33501,5
33502,3697
33505,136
33506,5276
33508,40
33511,525
33512,48
33513,847
33514,112
33515,63
33519,451
33520,462
33522,88
33523,6
33524,1246
33525,4
33526,7
33527,8
33528,5
33529,6
33531,511
33532,252
33533,6
33534,9
33535,7
33536,14
33537,7
33538,8
33539,3
33540,16
33541,85
33542,10
33543,11
33544,15
33545,20
33546,61
33547,6
33548,16
33549,12
33550,5
33551,7
33552,9
33558,1182
33562,83
33564,141
33566,164
33569,787
33570,6
33571,4
33572,194
33573,1016
33578,24
33580,6
33581,1666
33583,12
33588,30
33589,937
33599,12
33600,4
33601,3
33602,7
33603,4
33604,5
33605,985
33606,310
33607,4
33618,36
33630,15
33654,1254
33658,74
33659,28
33661,37
33662,5
33663,9
33668,506
33669,27
33670,7
33671,4
33672,53
33674,5731
33681,167
33685,70
33686,49
33687,49
33689,33
33690,310
33691,6
33692,19
33693,20
33694,12
33695,9
33696,78
33697,123
33698,11
33702,43
33703,8
33704,14
33705,6
33706,1
33708,12
33709,55
33710,14
33712,270
33713,123
33717,7
33718,14
33720,97
33723,21
33724,86
33726,572
33727,6
33728,440
33729,294
33730,265
33731,4301
33733,271
33734,35
33736,30
33737,30
33739,6
33740,188
33741,158
33743,2930
33744,7
33746,290
33750,63
33753,7
33755,34
33756,18
33757,15
33758,61
33759,10
33760,15
33761,20
33762,12
33763,8
33764,13
33768,133
33769,137
33770,32
33771,970
33772,4
33773,4
33775,390
33776,35
33777,24
33779,9
33782,6
33783,881
33787,7
33788,271
33789,6
33791,11
33792,4
33795,266
33797,311
33798,105
33801,24
33803,175
33806,45
33808,103
33811,293
33814,343
33818,350
33820,141
33821,3
33822,1
33823,2
33824,2
33826,3
33827,1
33828,11
33831,2
33834,1748
33835,6
33836,2388
33839,318
33840,423
33842,2
33843,3
33845,502
33846,17
33849,4
33850,536
33852,725
33854,5
33855,42
33856,3
33857,2
33858,5
33859,25
33860,4
33861,6
33862,6
33863,7
33864,2
33865,141
33866,10
33867,6
33870,6
33871,17
33872,12
33874,8
33875,8
33876,8
33877,8
33878,8
33879,8
33880,8
33881,7
33882,9
33883,33
33884,6
33885,13
33886,18
33887,9
33888,8
33889,752
33894,1
33895,1
33896,2
33897,4
33898,47
33899,551
33902,318
33903,47
33904,31
33905,82
33906,10
33907,15
33908,13
33909,24
33910,25
33911,37
33912,33
33913,4
33914,16
33915,8
33916,4
33922,4
33925,14
33926,3499
33927,4
33929,1656
33933,26
33934,279
33936,9
33937,14
33938,4
33939,5
33940,6
33941,8
33945,7
33946,5
33947,96
33948,1345
33949,540
33950,488
33957,11
33958,5
33960,20
33962,173
33964,512
33966,269
33969,242
33970,518
33972,20
33975,63
33978,5
33979,125
33980,5
33981,115
33982,3
33983,728
33985,1300
33986,14
33988,4173
33993,125
33994,262
33997,66
33998,4
33999,4
34000,4
34003,70
34005,7
34006,384
34008,123
34009,871
34012,2246
34013,104
34014,7
34015,104
34016,107
34019,1836
34021,417
34022,16
34028,308
34030,81
34032,75
34034,826
34036,296
34037,5
34038,7
34039,25
34048,117
34050,21
34051,1669
34052,67
34055,1600
34060,51
34076,963
34077,107
34078,4
34083,10
34085,172
34086,1775
34088,199
34091,3
34092,3
34096,2430
34100,1014
34102,2043
34103,1681
34104,2258
34106,388
34107,109
34112,3
34113,2
34114,1
34115,10
34116,5
34117,19
34118,15
34119,4
34120,15
34121,20
34122,11
34124,8
34125,359
34126,1340
34129,9
34134,8291
34136,1371
34140,17
34148,1018
34151,39
34152,886
34153,11
34156,12
34161,954
34162,6
34163,3
34164,3
34165,61
34166,24
34167,89
34168,79
34173,48
34176,2899
34177,852
34178,71
34179,26
34182,2
34183,2
34184,3
34185,1
34186,1
34187,3
34188,2
34189,1
34190,4
34191,4
34192,4
34193,2
34194,2
34197,126
34198,9
34201,4
34204,312
34205,3
34207,6
34208,162
34209,409
34213,1284
34222,14
34223,79
34224,4
34225,4
34226,2
34227,7
34233,7
34234,8
34235,8
34236,10
34237,2
34238,176
34239,60
34240,4198
34243,50
34244,29
34246,86
34248,3
34249,8
34252,87
34257,335
34258,3
34259,3
34261,8
34262,1531
34264,12
34276,15
34277,1133
34279,2559
34280,5079
34281,3141
34283,121
34284,662
34286,9
34289,396
34290,168
34292,16
34295,206
34299,708
34300,1030
34302,63
34304,29
34307,10
34309,13
34310,8
34311,101
34312,87
34314,21
34315,3
34318,127
34321,2118
34323,16
34324,70
34325,111
34328,8
34332,93
34336,7
34337,143
34338,447
34340,5
34342,1
34346,30
34348,33
34349,159
34350,1716
34353,4
34354,4
34355,3
34356,3
34358,8
34361,120
34363,8
34366,35
34367,48
34368,838
34369,4
34370,3
34371,4
34372,4
34373,5
34374,243
34375,217
34376,217
34382,4012
34383,1859
34388,161
34389,604
34391,304
34392,1598
34393,412
34394,101
34399,112
34402,267
34403,3913
34406,10
34409,15
34410,20
34411,221
34412,84
34414,1128
34416,3
34417,4
34418,8
34420,457
34422,11
34423,5
34424,5
34425,3
34426,5
34427,553
34428,751
34430,301
34432,8
34436,4
34437,2987
34438,1007
34439,818
34440,912
34443,1628
34445,581
34447,353
34449,571
34450,38
34451,3430
34453,150
34454,92
34455,77
34456,8
34458,4
34464,15
34465,908
34467,425
34471,22
34472,7
34474,255
34475,53
34476,6
34480,1880
34481,462
34486,12
34488,5
34489,42
34490,3
34491,110
34492,131
34494,2101
34497,3788
34498,2067
34500,9
34501,885
34502,17
34503,35
34504,712
34506,55
34510,8
34511,6
34513,376
34514,531
34519,18
34522,259
34525,1167
34527,7
34528,4
34529,99
34530,112
34531,2
34532,169
34533,361
34534,612
34535,101
34537,1439
34538,68
34539,220
34540,579
34541,1052
34542,5108
34543,674
34544,1075
34547,1127
34548,57
34549,732
34550,352
34552,87
34561,4738
34565,984
34566,4100
34572,6141
34577,5993
34580,1149
34589,77
34591,1907
34592,4
34595,25
34599,8214
34600,10
34601,6
34602,262
34604,263
34607,474
34611,226
34612,3275
34613,27
34614,78
34615,64
34618,4910
34620,1328
34622,14
34623,75
34625,13
34626,2962
34628,6
34629,5
34630,6
34631,8
34632,10
34633,9
34634,11
34636,3101
34638,158
34639,81
34642,424
34643,5
34644,191
34647,336
34649,118
34651,7
34652,6
34655,31
34656,23
34657,14
34658,1160
34659,181
34661,52
34662,4050
34664,3
34665,3
34666,3
34667,3
34669,13
34670,106
34673,2
34674,6
34675,211
34676,4
34677,4
34678,57
34683,103
34685,7
34688,3
34689,3
34690,6
34691,5
34692,3
34693,5
34694,4
34695,4
34696,3
34697,4
34698,2
34699,5
34700,2
34701,1
34704,5
34705,5
34706,5
34707,5
34708,4
34710,29
34711,3
34712,2312
34716,15
34717,1
34718,1
34719,12
34720,14
34721,10
34722,5
34723,301
34724,10
34725,82
34726,2
34733,314
34734,94
34738,89
34740,110
34741,19
34742,344
34743,4
34744,3
34745,526
34746,8
34747,136
34751,298
34753,474
34754,36
34755,4
34756,5
34757,17
34758,63
34759,147
34762,23
34763,14
34764,18
34765,24
34766,46
34771,166
34776,101
34777,671
34779,24
34782,11
34784,214
34785,10
34787,80
34790,4
34792,668
34794,6
34795,259
34798,3954
34799,68
34800,279
34802,75
34812,152
34813,6
34815,6
34817,7
34818,119
34820,117
34821,67
34822,4661
34823,757
34825,1684
34826,3
34830,220
34831,3
34832,93
34834,447
34835,18
34836,29
34839,581
34840,17
34841,3
34843,4
34844,9
34845,5
34847,5
34849,14
34850,2
34851,11
34852,12
34855,917
34856,8
34857,6
34858,7
34859,5
34860,9
34861,3
34862,19
34863,391
34864,24
34866,417
34868,3
34870,207
34871,4
34872,8
34877,6
34878,7
34881,4133
34884,282
34887,8
34888,57
34889,15
34891,5
34892,3
34893,67
34895,79
34899,93
34900,105
34901,86
34902,5586
34903,237
34904,507
34905,26
34907,18
34908,15
34910,14
34911,4
34914,2637
34915,351
34918,4
34919,3
34924,2
34925,2
34926,4
34927,34
34928,6
34929,5
34930,17
34931,4
34933,7779
34934,3551
34935,6
34936,7
34937,83
34939,108
34940,42
34941,158
34943,22
34944,1466
34946,5
34948,28
34949,2
34952,12
34954,10
34955,9
34957,8
34958,11
34959,87
34960,6
34961,55
34962,602
34963,164
34964,1707
34966,790
34969,13
34972,314
34973,1237
34974,60
34975,64
34978,220
34979,30
34980,7
34982,11
34984,3075
34985,13
34990,4
34992,10
34993,8
34997,14
34999,80
35000,535
35002,5
35003,6
35004,21
35006,208
35007,6
35008,4
35009,192
35011,8
35015,1010
35018,28
35020,1
35021,1
35022,3
35023,1
35024,2
35025,10
35026,3
35027,2
35028,191
35029,115
35030,2
35031,2
35032,3
35033,8
35034,3
35035,2
35036,4
35037,3
35038,4
35039,5
35040,4
35041,4
35042,4
35044,406
35047,7
35048,3
35049,2
35050,4
35051,1
35052,2
35053,2
35054,2
35055,3
35056,2
35057,2
35058,1
35059,1
35060,3
35061,1
35062,6927
35063,48
35067,712
35069,467
35070,17
35071,3
35072,205
35073,6237
35074,3
35075,660
35076,3022
35077,38
35078,1277
35079,2215
35081,44
35082,363
35084,1
35085,2
35086,227
35090,3
35091,1
35092,1
35093,2
35094,4
35095,2
35096,3
35098,2
35099,6
35100,4
35101,1
35102,13
35103,1
35104,2
35105,3
35106,3
35107,3
35108,4
35109,3
35110,423
35111,414
35112,3
35113,42
35114,305
35115,13
35116,11
35118,209
35119,8
35120,5744
35121,7
35122,305
35123,3
35124,1
35125,3
35126,3
35127,1
35128,12
35129,12
35130,1
35131,6
35133,3
35134,293
35135,194
35136,155
35137,10
35138,6
35139,8
35140,7
35141,8
35142,7
35143,8
35145,1037
35147,2
35148,1
35149,4
35150,2
35151,3
35152,2
35153,2
35154,3
35155,1
35156,11
35158,11
35159,581
35160,5
35161,2
35162,3
35163,3
35164,3
35165,2
35166,3
35167,3
35168,3
35169,2
35170,3
35171,2
35172,2
35173,2
35174,1
35175,1
35176,5
35177,6
35178,99
35180,3322
35182,153
35183,216
35191,378
35198,696
35202,128
35203,3711
35204,67
35205,2
35206,54
35210,13
35211,14
35212,6
35213,4
35215,8
35219,20
35220,978
35222,1931
35224,193
35226,6
35227,2
35228,138
35229,3
35230,30
35231,89
35233,6
35234,4
35235,92
35237,672
35238,68
35239,20
35240,2408
35241,1794
35242,3
35243,2
35247,3214
35248,822
35249,1292
35250,583
35251,525
35252,463
35254,31
35255,167
35262,1421
35263,11
35264,13
35265,49
35266,5
35267,227
35270,3
35272,2
35273,1
35274,2
35275,2
35276,2
35277,3
35278,1
35279,3
35280,1
35281,2
35283,2
35284,19
35285,169
35286,389
35287,3
35294,7
35295,4
35297,6
35298,904
35300,193
35301,24
35302,16
35303,30
35305,3
35306,4
35307,4
35308,3
35309,3
35310,5
35311,3
35312,3
35313,265
35314,551
35315,339
35317,3
35319,5
35320,601
35321,338
35322,7
35324,5
35326,27
35327,123
35328,62
35329,55
35330,2430
35331,2
35332,30
35333,527
35334,126
35335,80
35338,1444
35339,10
35343,71
35345,6
35346,105
35347,109
35349,6
35350,6
35353,9
35362,27
35363,1881
35364,4
35365,4
35366,9
35367,3
35368,3
35369,466
35370,277
35372,3
35376,2418
35379,6
35382,778
35383,19
35385,5
35386,14
35387,7
35388,11
35389,8
35390,12
35391,19
35394,13
35395,10
35398,8
35399,8
35400,7
35401,8
35402,24
35403,8
35404,9
35405,17
35406,15
35407,13
35408,13
35409,7
35410,11
35411,12
35413,3044
35416,52
35417,178
35418,100
35419,3
35423,18
35424,139
35425,130
35427,1119
35432,19
35433,8
35434,1038
35442,6
35443,12
35444,10
35446,129
35447,10
35448,180
35450,17
35452,3
35453,5
35454,3
35455,3
35456,6
35458,84
35459,1757
35465,38
35466,2973
35472,74
35473,67
35475,7
35476,5
35478,16
35480,108
35484,1925
35488,2
35489,2
35490,5
35491,6
35492,16
35493,4
35494,7
35495,6
35496,5
35497,8
35498,175
35499,47
35500,785
35501,31
35502,5
35503,962
35504,5
35505,4
35507,5983
35508,2
35510,51
35511,5
35512,135
35513,6
35514,8
35516,17
35517,4
35519,6
35520,4
35521,4
35522,110
35525,6
35526,7
35527,4
35528,5
35529,4
35530,7
35531,4
35532,6
35533,7
35534,5
35535,5
35536,6
35537,7
35538,5
35540,1038
35541,14
35542,6
35543,6
35545,4
35551,49
35552,32
35553,7
35554,15
35557,4043
35558,97
35559,185
35560,5
35563,5
35566,365
35567,104
35573,54
35574,3
35575,4
35576,3
35577,4
35579,3
35581,192
35585,28
35586,11
35587,6
35588,5
35589,1015
35590,5
35592,114
35593,6
35594,14
35602,317
35603,141
35605,7
35608,2007
35609,77
35610,10
35611,2
35612,9
35616,4
35617,5
35618,5
35619,5
35621,3
35623,8
35624,26
35625,26
35626,178
35627,4
35628,7
35629,752
35631,90
35632,7
35633,1
35635,53
35639,3161
35641,5
35642,4
35643,3
35645,144
35648,6
35650,16
35651,16
35652,11
35654,74
35656,11
35658,218
35663,6
35666,4
35667,11
35668,6
35669,6
35670,4
35671,4
35672,385
35673,254
35674,3
35676,238
35677,1310
35678,652
35680,22
35681,13
35682,9
35683,103
35684,4
35686,11
35691,5
35694,11
35695,3
35696,4
35697,3
35698,3
35699,4
35700,3
35701,9
35702,2
35703,3
35704,10
35706,22
35707,11
35708,6
35709,18
35710,3
35712,2392
35714,364
35716,258
35720,177
35721,2
35722,2
35723,3
35726,86
35727,165
35730,128
35732,6
35734,14
35735,6
35737,137
35739,128
35740,61
35745,17
35746,241
35747,10
35749,6
35752,118
35756,1713
35757,593
35759,322
35760,8860
35770,150
35773,218
35774,47
35776,58
35777,158
35778,55
35780,51
35781,97
35782,4
35783,5
35784,5
35785,11
35786,7
35788,5856
35789,623
35790,7637
35798,246
35799,5
35800,20
35805,45
35806,646
35809,22
35814,262
35815,337
35817,4
35818,103
35821,1519
35823,1158
35827,77
35828,1184
35834,837
35835,693
35838,3348
35839,4427
35840,205
35842,1022
35843,1766
35847,2571
35848,2123
35849,8211
35851,3318
35853,55
35854,42
35855,35
35857,454
35858,11
35859,19
35860,4142
35868,975
35880,92
35883,166
35889,1891
35890,6
35891,87
35901,47
35905,1884
35909,23
35910,4
35912,3
35913,4
35914,4
35920,6
35921,5
35923,132
35926,102
35928,1967
35931,110
35932,124
35933,17
35935,7
35936,241
35946,1884
35949,130
35952,23
35956,5
35957,7
35958,5
35960,370
35962,1
35963,6
35964,505
35965,123
35968,5738
35971,41
35972,2749
35974,14
35975,14
35976,7
35978,6
35979,8
35980,3
35981,6
35982,132
35983,1324
35984,161
35985,3
35988,359
35992,13
35994,3858
35996,5
35997,659
35999,114
36000,378
36001,576
36002,2
36003,4
36005,47
36006,106
36009,430
36010,112
36015,2
36016,3
36018,11
36021,14
36022,70
36023,2292
36027,2465
36028,2942
36029,341
36030,19
36032,149
36033,71
36036,3
36037,493
36038,4524
36039,1089
36040,253
36043,1452
36049,1608
36050,18
36051,65
36052,108
36055,6
36056,6
36057,7
36061,11
36062,15
36063,10
36064,196
36065,8
36066,9
36067,10
36069,12
36070,9
36071,5
36072,7
36073,5
36074,14
36077,159
36078,6
36079,5
36080,8
36081,6
36082,6
36083,79
36084,6
36085,6
36086,6
36087,7
36088,9
36089,16
36090,7
36091,8
36092,11
36093,7
36094,905
36095,13
36096,16
36097,15
36098,4243
36099,9
36101,15
36102,13
36103,9
36104,17
36106,2123
36107,11
36108,732
36109,85
36111,6
36112,8
36113,10
36114,8
36115,6
36116,7
36117,6
36118,5
36119,91
36121,104
36122,72
36124,1456
36125,347
36127,4
36129,6
36130,6
36132,5
36135,35
36136,31
36137,93
36139,4
36144,983
36145,14
36148,84
36151,4
36152,9
36155,32
36156,61
36157,33
36158,10
36159,13
36160,114
36161,5
36162,85
36163,8
36164,14
36166,68
36167,3
36169,24
36170,21
36172,13
36173,68
36175,13
36180,14
36181,16
36182,13
36183,6
36184,24
36185,59
36186,154
36191,61
36194,32
36196,100
36197,38
36198,839
36204,32
36214,943
36215,362
36220,1850
36221,2
36223,80
36225,221
36226,13
36228,53
36229,9
36231,8
36232,35
36233,4
36234,3
36239,97
36240,79
36241,88
36242,76
36245,923
36246,73
36248,4
36249,8
36250,245
36252,35
36254,35
36256,149
36258,12
36259,635
36261,7
36264,10
36265,5
36266,2139
36267,447
36269,36
36270,1
36271,3
36272,1
36273,1
36274,4
36275,580
36278,10
36279,8
36280,14
36281,10
36286,2587
36287,8
36288,99
36289,59
36290,32
36291,58
36292,5
36293,8
36294,6
36296,4489
36297,30
36298,22
36299,5
36300,6
36301,5
36302,7
36305,206
36308,525
36309,355
36310,2
36311,1
36312,2
36313,3
36314,1
36315,3
36316,1383
36317,1287
36318,565
36321,3
36322,1
36323,1
36324,1
36325,2
36326,2
36339,64
36342,118
36343,102
36344,99
36345,7
36347,7
36348,5
36349,8
36350,7
36351,7
36352,7
36353,5
36354,5
36355,5
36356,6
36357,6
36358,6
36359,5
36360,5
36361,4
36362,7
36368,14
36369,347
36370,283
36371,283
36372,5
36373,7
36374,6
36375,7
36376,5
36377,7
36378,7
36380,5
36381,5
36382,8
36383,7
36384,7
36385,5
36386,6
36387,8
36388,7
36389,8
36390,5
36391,5
36392,6
36393,5
36394,6
36395,8
36396,6
36397,673
36398,6
36399,7
36400,7
36401,6
36402,3
36403,6
36404,31
36407,3351
36409,24
36410,5
36411,2
36418,56
36419,124
36423,9
36424,114
36425,5
36427,5
36428,20
36429,6
36431,623
36432,2245
36436,65
36439,246
36440,65
36443,5
36444,104
36447,25
36451,45
36455,237
36456,9168
36458,148
36461,65
36464,4
36466,518
36468,169
36470,2662
36473,112
36474,5658
36475,4282
36480,1049
36483,150
36485,126
36486,3
36489,6
36491,94
36492,184
36493,41
36494,145
36497,231
36498,70
36500,78
36501,211
36502,193
36506,3
36510,1134
36511,5664
36513,436
36515,313
36516,1892
36517,674
36520,57
36521,46
36522,372
36524,517
36525,911
36528,15
36529,38
36530,3
36531,54
36536,128
36537,64
36538,802
36539,492
36542,75
36543,3
36544,26
36545,104
36548,2198
36549,4
36550,3
36551,4
36552,6
36553,147
36556,55
36559,4
36560,447
36561,34
36563,3814
36564,95
36565,433
36566,24
36569,89
36571,8
36572,6
36573,8
36574,8
36575,8
36577,24
36578,10
36579,4
36580,8
36581,4
36582,7
36583,2
36584,4
36585,5
36586,5
36587,661
36588,7
36591,4
36592,5
36593,201
36594,42
36595,37
36596,36
36597,38
36598,37
36599,44
36600,37
36601,36
36602,35
36603,49
36604,90
36605,39
36606,44
36607,40
36608,41
36611,4
36613,1
36616,928
36618,12
36619,5
36620,7
36621,10
36622,9
36623,9
36624,18
36625,184
36626,7
36629,82
36630,34
36631,8
36632,1262
36633,2393
36636,12
36637,19
36638,6
36639,9
36640,6
36641,6
36642,20
36643,17
36644,15
36646,25
36649,3816
36652,1197
36653,1340
36654,303
36655,178
36656,3
36657,3
36661,12
36662,6
36664,35
36666,19
36667,8
36668,8
36669,7
36670,10
36671,8
36672,8
36673,6
36674,4
36675,5
36676,4
36677,5
36678,6
36679,6
36680,9
36683,269
36684,32
36685,44
36686,120
36688,802
36689,88
36692,75
36699,39
36700,4
36701,5
36702,644
36704,1357
36705,18
36712,6
36714,24
36715,10
36716,12
36718,8
36719,6
36720,259
36721,81
36722,48
36724,5
36725,131
36726,2311
36727,4
36728,29
36729,235
36730,10
36731,5
36732,16
36734,2
36735,4
36736,3
36737,132
36740,5
36742,24
36743,9
36744,9
36745,28
36746,22
36747,19
36748,4
36749,34
36750,14
36752,11
36753,19
36754,1406
36755,126
36756,70
36757,14
36759,4
36760,45
36761,44
36762,38
36763,11
36764,11
36765,10
36766,10
36767,8
36771,7
36774,15
36775,134
36777,162
36778,13
36780,12
36781,9
36782,24
36783,106
36784,152
36789,57
36790,33
36791,28
36792,1195
36793,2589
36796,240
36797,60
36798,180
36799,22
36800,561
36803,269
36804,5
36805,81
36806,5
36807,8
36808,6
36809,6
36810,6
36811,8
36812,5
36815,25
36816,522
36817,1298
36818,6
36819,6
36820,6
36821,7
36822,6
36823,136
36824,93
36825,46
36827,36
36828,1110
36833,309
36834,30
36835,15
36836,54
36838,1654
36840,460
36841,40
36843,4
36846,7
36847,699
36848,321
36849,81
36851,5
36855,185
36856,6
36857,10
36858,100
36861,112
36862,2811
36864,1343
36865,14
36866,9
36868,9
36871,284
36873,1471
36874,3
36875,74
36876,74
36881,4
36882,3541
36883,8
36884,963
36885,1214
36888,8
36889,101
36890,40
36894,10
36895,96
36896,3676
36902,1149
36903,869
36904,1526
36905,3
36906,1200
36907,5
36910,40
36913,26
36914,308
36915,647
36918,62
36919,56
36920,70
36921,50
36922,60
36923,837
36925,28
36927,347
36932,81
36933,96
36934,808
36936,1327
36937,9
36942,27
36943,921
36945,297
36946,1873
36947,3
36949,4641
36950,595
36951,345
36952,51
36954,6
36955,24
36956,95
36962,926
36963,165
36964,6
36967,75
36968,5
36969,8
36970,5
36973,7
36976,334
36978,6
36979,17
36981,2
36982,175
36983,9
36990,839
36991,34
36992,370
36993,11
36995,51
36996,56
36999,1994
37000,28
37002,3
37007,1046
37008,58
37009,4
37010,5
37011,5
37012,129
37013,31
37017,5
37018,7
37020,3
37021,1049
37023,228
37024,6
37026,38
37027,482
37028,3
37029,406
37031,204
37033,1354
37034,97
37036,192
37037,14
37044,65
37045,204
37046,113
37047,168
37050,4
37051,19
37054,4
37055,2119
37058,10
37059,6
37060,4
37064,5
37065,15
37066,5
37067,8
37069,7
37070,6
37071,5
37072,5
37073,6
37074,7
37075,5
37078,1134
37082,19
37086,4127
37087,424
37088,80
37089,118
37090,71
37095,2331
37096,15
37097,5
37098,5
37099,4
37100,4
37101,4
37102,4
37103,183
37104,59
37105,4708
37106,256
37109,152
37112,10
37115,5
37117,13
37123,53
37124,22
37126,164
37127,72
37133,6
37135,8
37136,7
37138,8
37139,312
37140,648
37141,4917
37142,8
37143,11
37144,5
37145,5
37146,3
37147,16
37148,74
37149,7
37150,216
37151,17
37152,9
37153,6
37154,507
37155,7
37164,100
37165,3
37167,11
37168,3
37169,66
37171,3645
37172,177
37174,36
37175,201
37176,69
37177,13
37178,68
37179,20
37180,9
37181,45
37184,40
37185,29
37186,17
37187,6
37188,630
37189,38
37190,5
37191,9
37192,6
37193,6
37194,3
37195,4
37196,5
37197,5
37198,6
37202,1616
37204,154
37206,528
37207,147
37208,1738
37209,66
37210,4373
37212,4
37215,11
37217,5
37219,4
37221,888
37222,46
37223,111
37224,60
37225,5
37228,3
37232,399
37233,140
37241,3
37242,7
37243,13
37244,3
37245,300
37246,8
37247,128
37249,16
37254,512
37255,4
37256,12
37258,262
37259,1886
37262,123
37263,6
37264,172
37265,76
37266,47
37267,6
37268,181
37272,153
37273,6
37277,209
37278,160
37279,9
37280,8
37281,683
37283,56
37284,7
37285,21
37286,151
37287,58
37290,14
37291,73
37292,40
37293,62
37294,41
37300,4
37302,405
37303,334
37304,269
37305,224
37306,232
37307,228
37308,99
37311,31
37316,10
37318,54
37320,323
37324,21
37325,6
37326,3
37328,23
37334,19
37335,2
37336,6
37337,2
37338,567
37340,47
37341,662
37343,3
37344,6
37345,2214
37346,135
37347,4660
37348,1624
37349,6601
37350,6
37351,5
37352,15
37355,35
37356,35
37357,32
37358,2
37359,8
37360,84
37362,156
37364,391
37365,65
37368,22
37369,12
37370,183
37374,307
37377,916
37379,1375
37384,11
37385,7
37386,5
37387,11
37388,73
37390,6
37391,6
37392,5
37393,1412
37395,86
37396,1441
37398,25
37401,10
37402,332
37403,1558
37404,8
37405,165
37406,39
37407,749
37408,49
37409,7
37413,32
37414,5
37418,109
37419,4
37420,5
37421,7
37422,115
37423,16
37424,68
37426,1498
37428,3
37430,6742
37431,10
37433,128
37435,2842
37436,774
37437,58
37438,405
37440,1112
37441,838
37442,845
37446,1524
37447,1032
37448,79
37449,917
37450,7636
37451,2442
37452,14
37453,6
37454,1
37455,3
37458,763
37460,4
37461,5
37462,4
37463,5
37464,6
37465,6
37466,4
37467,11
37468,9
37472,4
37474,86
37475,2558
37476,94
37481,328
37482,4
37483,83
37484,15
37485,3
37487,653
37490,395
37491,1442
37492,1101
37493,4
37494,4
37496,537
37497,3073
37498,905
37501,59
37504,338
37505,200
37506,14
37507,104
37509,325
37510,6426
37511,44
37514,865
37515,818
37516,170
37517,2432
37520,6196
37521,5891
37522,1115
37525,1533
37527,8
37528,14
37529,6
37530,10
37531,13
37532,8
37533,7
37534,18
37535,5
37536,7
37537,49
37538,7
37539,3
37540,5
37541,8
37542,4
37543,8
37544,4
37545,9
37546,5
37547,7
37548,11
37549,5
37550,8
37551,13
37552,7
37553,9
37554,5
37555,416
37559,8
37560,7
37561,552
37562,36
37563,114
37564,129
37566,11
37569,2074
37571,229
37576,708
37577,55
37578,753
37579,1227
37582,20
37584,306
37585,551
37586,56
37587,484
37588,7
37589,94
37590,115
37591,4
37594,10
37595,88
37596,377
37597,933
37598,552
37599,350
37600,90
37601,505
37602,8
37603,7
37604,6
37605,8
37606,5
37607,9
37608,12
37609,10
37610,10
37611,17
37614,1912
37616,380
37618,150
37619,67
37620,19
37621,855
37622,121
37623,283
37626,14
37630,3
37639,5
37640,3
37641,45
37642,5
37643,17
37644,5
37646,79
37647,4
37651,758
37653,3
37655,245
37657,310
37659,43
37661,6
37662,74
37663,109
37664,7
37665,6
37666,9
37667,8
37668,23
37669,5
37670,6
37671,24
37672,64
37675,5091
37678,4
37679,19
37680,13
37682,204
37683,7
37684,53
37686,2
37687,2
37688,6
37689,4
37690,4
37691,5
37692,5
37693,4
37694,4
37695,7
37696,6
37698,3
37699,132
37703,185
37704,223
37706,39
37710,43
37711,438
37714,2
37716,951
37717,29
37719,974
37720,5
37721,5
37722,1345
37723,8
37729,8
37730,6
37731,7
37732,7
37733,4
37734,6
37735,257
37736,66
37737,11
37739,21
37740,43
37742,31
37744,2020
37747,181
37749,5
37750,6
37751,5
37752,5
37753,9
37755,84
37760,217
37762,4
37764,210
37765,118
37767,15
37769,155
37771,45
37773,439
37775,10
37776,9
37777,13
37778,113
37779,8193
37780,19
37781,328
37784,29
37786,2643
37787,14
37789,19
37790,8
37792,11
37798,2
37799,3666
37801,3
37802,11
37804,636
37806,1176
37807,425
37814,68
37815,58
37816,11
37818,19
37822,127
37823,1138
37825,13
37826,394
37827,7
37828,338
37831,477
37839,130
37842,22
37843,11
37845,30
37850,3
37851,2
37852,5
37853,6
37854,7
37856,27
37857,10
37858,66
37859,66
37860,75
37863,54
37864,101
37865,26
37866,78
37867,6
37869,446
37870,314
37873,268
37875,3
37876,5
37877,10
37878,3
37879,53
37881,25
37884,344
37885,662
37886,45
37887,35
37888,10
37890,555
37891,2
37892,2
37893,282
37894,24
37895,22
37896,20
37897,400
37902,331
37904,18
37905,177
37906,4
37908,29
37910,82
37914,74
37915,27
37916,171
37920,1165
37921,251
37922,49
37923,10
37924,496
37926,1138
37927,5
37928,5
37929,2
37930,9
37931,5
37932,946
37933,32
37934,30
37936,272
37937,40
37938,13
37939,39
37940,423
37941,3
37942,3
37943,3
37944,3
37945,3
37947,6
37948,33
37950,3
37951,5
37952,839
37954,68
37955,46
37956,1242
37958,602
37959,283
37960,26
37962,213
37963,129
37964,745
37965,2522
37966,228
37967,149
37968,14
37969,21
37970,148
37972,1409
37973,135
37975,471
37976,3839
37978,6
37979,952
37980,82
37981,772
37982,3960
37983,436
37984,1608
37985,886
37986,800
37987,2267
37988,178
37989,1483
37990,79
37991,3923
37992,508
37993,1764
37994,606
37996,563
37997,234
37998,734
37999,7730
38000,9525
38001,7
38002,497
38003,2770
38004,263
38005,280
38006,143
38007,4
38008,4
38009,196
38010,5
38011,10
38012,12
38013,7
38014,7
38015,197
38016,13
38017,39
38018,8
38019,23
38020,407
38021,43
38022,87
38023,7
38024,31
38025,6
38026,293
38027,165
38028,46
38029,4
38030,80
38031,68
38032,53
38033,49
38034,185
38035,49
38036,41
38037,85
38038,70
38039,70
38040,3873
38042,8
38043,5
38044,7
38045,20
38046,88
38047,27
38048,3
38049,8
38050,127
38051,37
38052,27
38054,24
38055,195
38056,21
38057,20
38058,8
38059,23
38060,6
38061,168
38062,870
38063,27
38065,51
38066,9
38067,59
38068,82
38069,3
38070,6
38071,4
38072,3
38073,5
38074,3
38075,3
38078,16
38080,1838
38081,304
38082,189
38083,253
38084,2026
38085,632
38086,462
38087,19
38088,374
38089,120
38090,7
38091,350
38092,2
38093,3
38094,2
38095,44
38096,9
38097,3
38098,343
38099,3
38100,26
38101,4273
38104,86
38106,30
38107,49
38110,23
38112,10
38114,7
38117,6
38118,6
38119,5
38120,6
38121,3
38122,4
38123,4
38124,4
38125,4
38126,4
38127,4
38128,4
38129,4
38130,7
38131,4
38132,4
38133,4
38134,4
38135,4
38136,4
38137,4
38138,5
38140,4
38141,74
38142,7
38145,1834
38147,7
38149,113
38150,198
38153,7
38154,40
38157,254
38158,7
38161,1013
38162,195
38163,340
38164,3
38166,1
38167,1
38174,3
38175,12
38177,42
38179,82
38180,52
38181,46
38186,2957
38191,6
38192,109
38194,1
38195,1
38196,11
38198,619
38199,148
38201,150
38203,55
38206,10
38211,21
38212,243
38217,210
38219,5
38220,26
38226,285
38234,912
38235,143
38246,3
38249,1378
38250,77
38251,302
38252,75
38254,216
38256,1628
38260,25
38262,156
38265,61
38267,6
38268,175
38271,19
38272,6
38273,94
38274,23
38276,619
38279,23
38284,62
38285,16
38287,7
38290,7
38291,47
38292,210
38295,777
38297,1729
38299,2
38301,462
38302,542
38304,6
38305,8
38306,6
38307,6
38308,6
38309,6
38310,8
38311,5
38312,4
38313,261
38319,6
38320,6
38321,6
38322,6
38323,6
38324,8
38325,75
38326,6
38327,7
38328,1464
38329,3421
38330,117
38331,287
38333,314
38337,599
38338,3
38339,13
38341,7
38346,5
38347,12
38348,17
38349,1223
38352,2
38353,10
38354,6
38357,145
38360,276
38361,16
38362,5
38363,6
38365,5
38367,42
38368,7
38372,9
38373,51
38375,3
38376,3
38378,4
38379,4
38383,346
38384,7
38385,12
38386,25
38387,5
38389,236
38390,519
38392,16
38393,18
38395,454
38397,2323
38398,3
38400,397
38403,18
38407,4
38408,6629
38409,238
38410,85
38411,18
38412,17
38413,16
38414,1904
38416,18
38419,104
38420,2
38422,826
38424,6
38425,158
38426,69
38427,4
38429,77
38431,425
38433,23
38435,88
38436,54
38440,69
38444,62
38445,7
38446,6
38449,179
38450,711
38451,3
38453,47
38456,9
38461,12
38464,333
38467,25
38469,26
38470,143
38471,7
38472,3267
38473,42
38474,1453
38475,493
38476,1114
38477,9
38478,3
38480,1868
38481,1685
38483,3040
38484,3
38485,11
38486,13
38487,9
38488,9
38489,12
38490,13
38491,67
38493,8
38495,6
38496,4
38497,6
38498,13
38500,8
38501,9
38502,9
38503,7
38504,8
38505,5
38506,5
38507,9
38508,5
38509,7
38510,8
38511,7
38513,65
38520,15
38521,16
38524,7443
38525,5
38526,2
38527,149
38528,345
38529,457
38530,34
38533,57
38534,4
38535,3
38536,229
38537,2
38538,2
38539,6
38540,31
38544,518
38545,16
38549,32
38551,9
38552,3
38554,6
38555,2842
38556,29
38557,7
38558,82
38560,3
38561,8
38562,17
38568,3
38569,3
38570,3
38571,3
38572,2334
38573,2177
38577,14
38578,136
38579,6
38585,75
38587,6
38594,1042
38600,29
38601,53
38603,5
38606,12
38609,1
38610,2009
38611,3
38612,3
38613,2
38614,3
38616,9
38618,3
38619,1228
38620,80
38621,47
38622,3
38623,3
38624,8
38626,10
38627,10
38628,334
38629,19
38631,4
38632,21
38640,5
38641,1
38642,8
38643,2
38644,4
38646,10
38647,7
38648,7
38650,31
38653,140
38656,3117
38658,8
38659,3772
38663,303
38664,171
38667,36
38668,2906
38669,77
38670,179
38671,5819
38672,47
38673,127
38674,13
38676,21
38677,29
38678,36
38680,3912
38681,85
38683,6
38685,4
38688,10
38689,10
38690,10
38691,7148
38693,227
38699,848
38700,8
38701,12
38702,5
38703,4
38705,8
38707,427
38708,118
38710,258
38711,7
38712,22
38714,41
38715,41
38716,44
38717,39
38719,66
38720,93
38722,9
38727,17
38728,8
38729,4
38731,708
38732,58
38733,650
38735,886
38738,7
38739,32
38740,95
38741,38
38742,39
38743,4
38744,34
38745,85
38748,12
38749,170
38752,5
38753,2605
38756,18
38757,5
38758,4
38759,2562
38760,47
38762,3
38763,6
38764,4
38765,4
38766,6
38767,81
38768,288
38769,5
38770,201
38771,3
38772,6
38773,6
38774,5
38775,44
38776,4
38777,120
38778,1924
38779,55
38781,12
38783,39
38784,105
38785,7
38786,7
38787,1756
38788,34
38789,108
38790,2975
38793,1671
38794,7
38795,7
38796,7
38797,256
38798,69
38799,532
38800,6
38803,35
38804,30
38805,4
38807,641
38808,29
38809,26
38810,91
38811,5
38812,10
38813,9
38814,837
38815,571
38816,1330
38817,14
38818,9
38819,13
38820,5
38821,4
38824,137
38826,4564
38827,4
38828,3
38830,1527
38831,49
38835,235
38837,21
38843,661
38847,3
38848,2
38849,3
38850,59
38851,135
38852,16
38853,598
38854,6
38855,7
38856,5
38857,9
38860,165
38861,4
38862,4
38863,6
38864,87
38865,40
38866,163
38867,3
38868,4
38869,6
38870,3
38871,4
38872,4
38873,4
38874,4
38875,4
38876,4
38877,4
38878,4
38879,4
38881,33
38882,62
38883,3696
38886,9
38887,6
38888,6
38889,1013
38891,81
38893,5
38895,112
38896,9
38897,240
38898,9
38899,26
38901,10
38902,47
38903,27
38905,10
38906,29
38907,5
38909,1291
38910,12
38911,5
38913,8
38914,6
38915,223
38916,13
38917,242
38918,20
38919,4
38920,378
38921,283
38922,7
38923,8
38924,1489
38925,6
38926,3
38927,2
38928,2
38931,3
38932,8
38933,5
38934,29
38935,1115
38936,922
38937,78
38938,614
38939,262
38940,1347
38954,10
38955,8
38957,27
38958,261
38959,1653
38960,8
38961,12
38963,288
38964,6
38968,7
38969,6
38970,4
38971,151
38972,294
38974,10
38975,38
38976,5
38977,7
38980,16
38981,50
38982,129
38985,243
38986,22
38987,19
38990,127
38992,2036
38993,1989
38994,44
38995,75
38997,9
38998,17
38999,403
39000,10
39001,26
39002,3
39003,8
39007,14
39011,71
39012,4
39013,5
39014,221
39017,3051
39018,15
39020,17
39022,53
39023,12
39024,73
39026,2731
39027,12
39028,2
39029,6
39030,1691
39031,9
39032,4
39033,3
39034,3
39035,16
39036,4
39037,5
39038,7
39039,15
39040,4
39042,113
39046,14
39047,6
39048,5
39049,381
39056,17
39057,41
39058,75
39063,1808
39065,76
39066,43
39067,22
39068,64
39071,1298
39075,9
39077,6
39078,67
39080,32
39082,6
39083,4
39085,110
39086,13
39087,9
39088,5
39089,8
39090,2
39091,2
39093,131
39094,114
39095,6
39096,7
39097,7
39098,5
39099,4
39101,5
39102,4
39103,2
39104,3
39105,10
39106,9
39107,9
39108,10
39109,6
39110,4
39112,393
39113,102
39114,97
39115,36
39116,10
39117,7
39119,2
39121,1
39122,1
39123,1
39124,1
39125,1
39126,1
39127,1
39128,1
39129,1
39130,1
39131,1
39132,1
39133,1
39135,1
39136,1
39137,1
39138,1
39139,1
39140,1
39141,9
39143,3
39144,2
39145,2
39146,2
39147,2
39148,3
39149,2
39150,38
39151,3
39152,2
39153,3
39154,3
39155,2
39156,2
39157,3
39158,3
39159,3
39160,3
39161,2
39162,4
39163,29
39164,52
39165,35
39166,149
39167,84
39168,81
39169,81
39170,6
39171,9
39172,9
39173,8
39174,14
39175,265
39178,26
39179,6
39180,6
39181,6
39182,5
39183,37
39184,244
39185,10
39187,6
39188,176
39189,2
39190,2
39191,19
39192,3
39194,175
39195,4262
39196,2165
39197,6
39198,2513
39199,1241
39200,7
39201,8
39202,8
39203,8
39204,11
39205,3
39206,5
39207,7
39208,17
39209,7
39211,25
39212,8
39213,8
39214,6
39215,6
39216,12
39217,63
39219,7
39220,6
39221,771
39222,14
39223,19
39224,8
39225,6
39226,8
39227,8
39228,4
39229,2
39230,5
39231,21
39235,534
39239,470
39242,8
39243,9
39244,57
39245,8
39247,1474
39249,48
39250,17
39251,11
39252,12
39253,3
39254,3
39255,2
39256,2
39257,97
39258,11
39259,8
39260,3
39261,3
39262,3
39263,2
39264,29
39265,2
39271,3
39272,7
39273,5
39274,206
39275,8
39277,17
39279,6
39281,13
39282,47
39284,17
39285,9
39286,10
39288,15
39290,27
39292,1684
39293,8
39294,7
39295,8
39296,5
39297,7
39298,58
39299,50
39305,7
39306,6
39307,2
39308,2
39309,2
39310,4
39313,15
39314,17
39315,4
39316,25
39320,12
39321,12
39322,9
39323,11
39324,1752
39325,109
39326,2093
39328,6
39329,28
39330,7
39331,7
39332,18
39333,19
39334,28
39335,8
39337,497
39339,19
39342,3
39343,3
39344,2
39345,4
39348,7
39349,9
39351,5
39352,6
39353,3
39354,3
39355,688
39356,8
39358,8
39359,6
39360,4
39361,6
39362,9
39363,7
39364,4
39365,46
39367,3
39368,4
39369,6
39370,6
39371,4
39372,4
39373,3
39374,5
39375,3
39376,4
39377,2
39378,3
39380,107
39381,1
39382,92
39384,3
39385,5
39388,976
39392,218
39393,12
39394,11
39395,11
39396,11
39397,189
39401,6
39403,2
39404,2
39405,2
39406,2
39407,2
39408,3
39409,2
39410,6
39412,3
39413,6
39414,19
39415,27
39416,35
39417,682
39419,27
39421,122
39426,2
39427,2
39428,2
39429,40
39430,8
39431,6
39435,4
39436,3
39448,11
39449,4
39450,3
39451,3
39452,52
39453,3
39454,4
39455,4
39456,1476
39457,21
39463,2768
39464,13
39465,18
39466,50
39468,1954
39469,765
39470,243
39471,50
39473,11
39474,3
39475,9
39476,12
39477,311
39478,258
39479,14
39480,155
39482,48
39486,445
39487,185
39488,2
39489,86
39490,33
39491,2179
39495,402
39498,8
39499,10
39500,8
39501,3
39502,3
39503,3
39504,2
39505,2
39506,300
39507,2
39511,78
39513,10
39514,25
39517,9
39518,47
39519,237
39523,1755
39526,34
39527,264
39528,3
39529,13
39530,116
39531,448
39533,2320
39534,2730
39535,3296
39536,7
39538,79
39539,1775
39540,3
39541,4
39544,8
39545,458
39546,3
39547,3996
39549,10
39551,3418
39555,659
39559,7
39560,8
39562,8
39564,11
39565,2301
39566,8
39567,591
39568,10
39569,849
39570,1040
39572,13
39574,208
39575,2398
39576,1841
39581,20
39582,380
39583,393
39584,303
39585,126
39586,1828
39587,5754
39588,25
39589,39
39590,336
39591,156
39592,164
39597,3776
39605,220
39606,258
39607,1079
39609,402
39610,230
39611,4
39616,9
39617,4252
39618,6
39619,148
39620,84
39621,16
39622,35
39623,16
39624,2
39625,2
39626,2
39627,2
39628,3
39629,7
39634,1
39635,3
39638,223
39640,59
39643,61
39644,7
39650,12
39651,761
39652,540
39653,36
39654,43
39658,9
39659,15
39663,11
39664,2
39668,25
39674,62
39675,52
39676,24
39677,9
39678,18
39679,3
39680,36
39681,216
39682,6
39684,25
39685,3
39686,3
39689,501
39690,7
39691,2
39694,8
39696,9
39697,7
39699,63
39700,9
39701,3126
39703,10
39704,9
39705,854
39706,8
39707,6
39708,48
39709,56
39710,2669
39711,4
39714,12
39716,10
39718,8
39720,4
39721,36
39722,27
39725,111
39728,69
39730,695
39731,8
39734,20
39735,32
39736,40
39738,27
39741,2055
39753,428
39754,2
39758,2
39759,2
39760,19
39761,300
39762,5
39763,31
39764,93
39766,6
39767,12
39769,37
39778,2
39780,13
39781,7
39782,7
39783,2373
39786,8
39787,8
39790,1427
39792,2748
39793,26
39794,34
39795,68
39798,5
39799,841
39800,113
39803,39
39805,9
39806,862
39808,838
39810,16
39811,445
39812,10
39815,18
39819,651
39820,3
39823,13
39826,94
39827,2
39831,20
39833,2
39836,230
39839,3
39840,16
39841,9
39842,18
39846,90
39849,22
39851,11
39854,10
39856,10
39857,7
39858,8
39861,7
39862,5
39864,30
39869,7
39870,6
39872,11
39874,9
39875,66
39876,5
39877,8
39884,83
39885,9
39886,8
39888,7
39889,9
39890,8
39891,7
39892,8
39893,6
39894,276
39895,5
39896,8
39900,8
39901,8
39905,45
39906,3
39910,8
39911,9
39912,30
39914,6
39916,5
39917,5
39918,11
39919,8
39920,10
39921,404
39922,8
39923,8
39925,8
39926,8
39931,31
39935,63
39936,3
39938,60
39939,9
39940,3361
39942,288
39944,75
39947,9
39948,244
39957,8
39959,333
39960,232
39962,30
39963,239
39966,440
39967,15
39972,128
39975,24
39978,16
39979,56
39987,91
39988,1842
39989,176
39990,377
39991,300
39993,78
39994,11
39995,152
39996,8
39997,10
39999,64
40000,8
40001,9
40002,9
40003,5
40004,1974
40005,145
40009,2
40010,3138
40013,108
40014,32
40015,9
40016,8
40020,111
40022,51
40023,86
40024,207
40028,5451
40029,3
40030,4
40031,137
40033,8
40034,63
40035,15
40036,8
40037,10
40040,8
40042,7
40044,30
40045,9
40046,2406
40048,69
40052,2885
40054,265
40055,60
40056,2292
40057,23
40058,8
40059,1068
40060,2288
40062,20
40064,545
40066,39
40073,53
40074,720
40075,460
40076,204
40078,5
40080,358
40082,252
40083,518
40085,183
40087,2
40088,4
40089,5
40090,3
40091,4
40092,3
40097,46
40100,104
40102,468
40103,4
40104,16
40105,7
40106,6
40109,52
40111,124
40112,12
40117,7
40121,16
40124,20
40128,1215
40129,64
40131,12
40134,80
40136,236
40137,80
40139,9
40140,22
40141,3
40142,4
40143,24
40145,219
40147,28
40148,494
40151,74
40152,86
40153,9
40154,104
40155,3
40156,104
40157,55
40158,11
40159,8
40163,11
40164,7
40165,774
40166,45
40167,40
40171,12
40172,16
40174,952
40176,326
40178,338
40179,21
40180,33
40181,34
40182,5
40188,2
40192,131
40194,17
40196,474
40197,78
40200,24
40202,9
40204,10
40205,6
40206,817
40208,34
40209,9
40210,10
40211,134
40212,36
40215,551
40217,18
40221,4801
40222,24
40223,5
40228,227
40230,617
40233,47
40237,8
40238,10
40239,297
40242,10
40244,3
40245,89
40246,83
40249,9
40250,7
40251,13
40252,7
40254,366
40255,11
40256,295
40262,1721
40266,70
40267,180
40269,486
40272,149
40273,1
40280,98
40282,21
40283,10
40286,11
40288,9
40291,26
40292,32
40293,29
40294,26
40295,289
40297,7
40298,228
40299,1
40301,6
40302,8
40304,6
40305,35
40312,18
40313,290
40314,275
40315,158
40316,2
40320,133
40321,73
40323,192
40327,98
40329,14
40331,70
40332,224
40333,533
40334,74
40335,114
40336,60
40337,96
40338,19
40340,12
40341,8
40342,5
40344,34
40345,6
40346,5
40347,6
40348,12
40349,6
40350,8
40351,559
40352,24
40353,7
40356,2354
40357,1154
40358,394
40359,916
40360,21
40361,12
40363,7
40364,8
40365,3
40366,9
40367,10
40368,7
40369,200
40372,96
40373,8
40375,15
40376,6
40377,9
40378,12
40379,183
40383,6
40385,12
40389,39
40392,1256
40393,4
40394,68
40397,1327
40398,43
40399,18
40403,242
40405,97
40406,4
40407,3
40408,3
40410,8
40412,14
40414,10
40415,8
40416,808
40417,2015
40421,827
40423,9
40425,9
40427,4
40429,136
40430,11
40431,22
40434,252
40435,148
40436,1352
40437,7
40438,80
40439,5
40440,6
40441,10
40442,13
40452,12
40453,726
40454,2933
40456,3299
40459,16
40460,178
40462,28
40463,8
40464,41
40465,71
40468,7
40471,29
40472,61
40473,87
40474,11
40475,11
40476,6
40477,127
40478,7
40479,5
40480,32
40482,7
40483,1476
40484,6
40485,509
40486,197
40487,5
40488,27
40489,571
40491,90
40495,5
40496,3329
40497,2246
40499,6
40502,9
40504,221
40506,149
40507,967
40508,9
40509,8
40513,967
40515,1145
40517,30
40519,73
40520,36
40521,65
40523,9
40526,123
40527,8
40529,653
40530,1406
40531,8
40532,1175
40539,5
40540,3034
40542,1226
40543,6
40550,809
40552,5
40553,6
40554,43
40555,11
40556,13
40557,13
40558,14
40559,12
40560,12
40562,8
40564,12
40567,8
40568,13
40569,56
40570,8
40571,2434
40573,8
40576,7
40578,63
40582,7
40586,484
40587,41
40590,137
40591,5302
40593,5
40594,1154
40595,1609
40597,256
40598,7
40599,8
40600,8
40602,364
40603,8
40608,104
40610,113
40612,8
40613,134
40615,440
40616,9
40619,8
40620,86
40621,4
40623,1005
40625,8
40626,8
40628,10
40630,98
40632,23
40633,4
40636,6
40638,10
40639,60
40641,6
40642,6
40644,9
40645,10
40646,206
40651,49
40652,37
40655,8
40656,104
40658,81
40659,61
40660,12
40661,111
40664,63
40665,48
40667,58
40670,4
40671,4
40672,4
40673,3
40674,2
40677,138
40679,684
40682,545
40683,13
40684,13
40685,125
40686,13
40687,10
40689,8
40690,10
40691,14
40693,39
40694,7
40695,9
40699,8
40700,54
40701,9
40702,9
40703,9
40707,8
40708,1331
40709,9
40710,9
40711,89
40712,71
40713,9
40714,21
40715,9
40716,2750
40717,14
40721,12
40722,57
40727,9
40728,5
40729,684
40730,519
40732,10
40733,36
40734,54
40735,53
40737,9
40738,402
40741,8
40742,8
40745,5
40746,791
40747,196
40748,5308
40749,65
40750,2257
40752,110
40753,12
40755,45
40758,16
40761,94
40762,77
40763,163
40765,5
40768,7
40769,50
40776,2788
40778,152
40779,18
40780,48
40783,408
40784,130
40785,6
40786,266
40787,762
40793,7
40794,8
40799,16
40800,8
40801,33
40803,449
40806,29
40807,334
40808,8
40811,7
40812,6
40813,5
40814,295
40815,1271
40816,7
40817,7
40819,68
40823,9
40827,7
40828,8
40830,9
40831,8
40832,4
40833,183
40834,26
40835,43
40836,8
40837,8
40839,3869
40840,8
40841,421
40842,244
40844,3
40845,41
40849,260
40850,150
40851,8
40852,3515
40853,73
40854,106
40855,46
40858,695
40859,8
40861,279
40863,4
40868,6
40870,450
40873,148
40876,19
40877,8
40879,650
40880,25
40881,138
40885,10
40888,10
40889,9
40890,15
40893,82
40894,71
40897,272
40900,28
40901,93
40902,2452
40903,9
40904,107
40905,8
40906,514
40907,647
40908,1460
40909,22
40911,1646
40914,15
40917,7
40921,10
40922,40
40924,109
40928,8
40930,298
40932,65
40934,394
40935,1870
40936,976
40938,553
40939,8
40940,104
40941,33
40942,82
40948,30
40953,4
40956,2884
40957,60
40958,340
40959,48
40960,150
40961,429
40964,321
40966,17
40967,17
40969,21
40971,72
40974,953
40979,105
40982,52
40983,14
40989,50
40991,22
40994,8
40995,86
41005,133
41006,2158
41008,156
41011,13
41019,5
41022,12
41023,12
41025,942
41027,4
41028,5
41029,28
41035,12
41039,8
41051,125
41052,27
41053,394
41054,3
41061,236
41062,18
41063,57
41068,12
41074,615
41075,8
41078,5
41079,3
41080,5
41081,3
41084,1194
41090,24
41091,19
41092,21
41093,114
41094,567
41096,8
41097,4
41099,34
41100,5
41101,8
41102,9
41103,273
41105,134
41109,1704
41111,3
41112,3
41113,3
41114,4
41115,4
41116,2
41117,2
41118,2
41119,2
41120,2160
41124,101
41132,95
41135,14
41136,6
41137,10
41146,105
41156,2
41158,3
41159,2
41160,2
41161,2
41164,38
41167,19
41168,1962
41169,220
41170,9
41171,10
41174,14
41176,20
41177,17
41178,15
41179,15
41180,21
41181,28
41182,45
41183,6
41184,2
41185,9
41188,47
41189,47
41190,10
41191,15
41192,9
41193,13
41194,138
41195,72
41199,3
41200,60
41202,68
41203,12
41204,64
41205,42
41206,54
41207,44
41210,10
41211,19
41212,10
41215,9
41217,14
41218,4
41219,49
41220,9
41221,19
41222,6
41223,37
41224,61
41226,2400
41227,4
41235,28
41236,56
41250,1
41260,75
41261,159
41265,236
41266,242
41271,71
41276,4
41277,3
41278,7
41279,7
41280,7
41282,30
41283,31
41285,43
41286,24
41289,97
41290,95
41293,9
41296,13
41298,13
41299,20
41307,29
41312,1027
41317,35
41319,17
41325,3
41332,270
41335,2
41339,10
41340,20
41341,277
41345,1687
41349,5
41353,4232
41360,18
41361,48
41364,304
41370,46
41372,561
41375,20
41379,334
41380,1443
41381,29
41383,13
41384,6
41389,3111
41392,867
41396,35
41397,43
41399,47
41401,18
41402,611
41404,8
41405,12
41409,26
41412,4
41416,3
41421,12
41426,13
41431,9
41433,2315
41439,17
41440,12
41443,3
41444,7
41445,4
41446,3
41447,7
41448,3
41449,7
41450,3
41451,4
41452,3
41453,5
41454,83
41456,232
41457,400
41458,4
41459,5
41460,6
41461,703
41462,55
41466,246
41467,1013
41468,1619
41470,21
41471,135
41475,4
41477,9
41480,26
41481,6
41485,8
41487,1035
41488,837
41489,5
41490,7
41491,1274
41494,4
41495,6
41496,7
41497,419
41500,4
41503,7
41504,2
41505,8
41509,4
41511,50
41512,38
41514,690
41519,44
41520,98
41521,111
41522,2
41528,29
41529,8
41530,318
41531,53
41534,8
41535,8
41541,7
41542,8
41545,13
41546,3
41547,8
41549,120
41555,29
41556,107
41558,60
41564,18
41567,673
41568,16
41570,10
41573,166
41574,172
41586,28
41587,2214
41589,154
41590,269
41595,133
41609,2
41611,101
41619,1797
41622,8
41623,1018
41632,18
41633,7
41634,11
41635,5
41638,4
41646,7
41651,6
41656,7
41659,93
41660,298
41663,3
41664,6
41667,4
41673,7
41674,143
41684,6
41685,6
41686,6
41688,93
41691,21
41694,1600
41707,6
41708,4
41709,4
41710,244
41714,40
41722,6
41727,6
41729,6
41734,5
41739,6
41744,9
41745,4
41759,6
41762,512
41766,6
41768,14
41769,10
41776,4
41777,2
41778,2
41780,71
41781,30
41782,66
41783,818
41785,16
41793,27
41794,35
41795,40
41796,4
41797,4
41802,16
41807,13
41808,5
41812,70
41813,1
41822,7
41824,24
41833,29
41834,488
41842,27
41848,110
41851,7
41852,6
41853,19
41854,6
41877,23
41884,14
41899,1333
41911,1035
41912,5
41913,16
41915,31
41916,30
41917,26
41918,8
41919,72
41920,7
41923,47
41926,6
41930,1959
41939,10
41945,6
41946,220
41951,3
42004,2
42008,3
42009,4
42012,13
42013,7
42014,8
42015,6
42030,265
42031,71
42033,3
42042,4
42044,15
42047,8
42048,48
42054,8
42055,11
42057,31
42061,3
42068,4
42070,4
42071,61
42072,77
42074,12
42076,39
42078,25
42082,8
42090,3
42091,712
42104,10
42105,5
42106,68
42109,2
42111,4
42121,7
42129,97
42132,3
42136,11
42141,26
42142,10
42143,87
42144,3
42145,16
42146,3
42147,3
42148,13
42149,5
42151,4
42156,15
42158,9
42161,54
42163,7
42168,5
42170,3
42172,4
42176,25
42178,13
42179,2
42181,4
42183,2
42187,20
42191,1
42192,390
42194,96
42199,11
42203,3385
42205,784
42206,63
42208,4
42209,6
42211,8
42214,2
42215,2
42220,10
42223,30
42224,37
42228,6
42233,5
42234,4
42238,215
42246,4
42247,5
42248,4
42249,379
42250,432
42256,3
42257,3
42258,2
42260,227
42262,4
42263,4
42264,4
42266,23
42267,16
42268,10
42271,4
42272,4
42274,4
42275,4
42276,4
42277,5
42278,4
42279,4
42280,4
42281,5
42282,740
42284,29
42285,25
42286,2
42290,19
42291,20
42293,3
42295,19
42296,6
42302,13
42307,233
42310,242
42314,8
42317,10
42319,9
42320,16
42321,37
42323,2
42324,46
42328,4
42330,4
42331,6
42332,4
42333,3
42340,71
42343,5
42344,50
42345,5
42346,3
42347,4
42351,97
42354,4
42357,4
42358,4
42359,17
42361,948
42364,235
42366,1
42367,1
42372,4
42373,5
42378,9
42380,13
42381,9
42383,8
42385,60
42387,308
42391,211
42392,222
42395,173
42414,70
42422,28
42423,469
42429,346
42431,10
42432,10
42433,9
42435,10
42436,9
42438,9
42439,9
42442,9
42443,4
42444,4
42445,4
42446,3
42447,3
42448,3
42454,7
42455,6
42456,3
42457,3
42458,3
42460,5
42463,5
42465,4
42466,2
42468,2
42476,11
42481,39
42482,11
42483,6
42484,6
42485,11
42486,6
42487,38
42488,13
42491,3
42496,59
42497,58
42498,59
42500,3
42501,7
42506,108
42507,7
42514,42
42516,18
42517,166
42519,310
42522,5
42526,6
42540,2
42542,3
42546,5
42547,3
42550,2
42562,89
42563,8
42568,66
42571,511
42584,6
42585,3
42587,109
42590,134
42591,36
42592,45
42593,93
42600,38
42601,4
42603,919
42612,6
42616,5
42617,7
42618,5
42619,5
42625,200
42627,123
42628,5
42629,33
42632,36
42636,5
42637,6
42638,5
42639,5
42640,34
42641,36
42646,5
42649,7
42650,6
42653,29
42654,2
42656,5
42657,17
42658,2
42660,2
42662,5
42663,5
42666,5
42668,556
42670,360
42672,6
42681,5
42682,5
42685,56
42690,5
42697,6
42698,3
42699,4
42703,8
42714,142
42717,21
42722,5
42723,79
42725,6
42729,8
42731,7
42733,5
42736,5
42740,2
42744,5
42745,253
42749,5
42750,17
42754,5
42756,57
42757,35
42760,2
42761,2
42762,6
42765,2
42766,2
42767,6
42768,5
42774,107
42780,5
42783,34
42784,2
42785,5
42786,6
42787,5
42791,18
42792,5
42793,7
42794,6
42797,21
42798,54
42799,4
42800,4
42801,4
42802,4
42803,94
42804,4
42805,4
42807,3
42809,6
42811,3
42815,5
42820,6
42822,421
42825,213
42826,92
42829,17
42831,28
42832,57
42834,4
42835,2
42836,15
42837,5
42838,6
42842,5
42843,5
42847,77
42848,30
42852,1
42853,4
42854,4
42855,14
42862,119
42863,5
42865,6
42867,141
42870,5
42872,5
42873,5
42875,4
42876,4
42883,106
42886,127
42887,5
42888,6
42889,50
42890,7
42892,43
42893,202
42894,324
42895,5
42896,5
42897,3633
42898,17
42903,6
42906,3
42909,5
42913,31
42916,1155
42919,6
42923,1362
42925,4
42935,7
42938,708
42940,154
42941,300
42946,48
42947,23
42948,2
42949,16
42950,16
42952,6
42954,5
42955,24
42956,6
42958,5
42959,126
42962,551
42963,1002
42966,6
42967,2
42969,2
42971,5
42976,29
42979,2
42981,58
42984,328
42985,12
42988,5
42989,5
42990,124
42994,94
42995,5
42996,5
42998,2
43001,55
43004,5
43005,4
43007,361
43011,4
43013,31
43015,3
43016,5
43020,7
43043,4
43201,8
43207,2
43229,163
43288,8
43292,5
43293,6
43299,2438
43318,6
43323,5
43325,387
43349,95
43350,17
43351,4
43352,4
43353,80
43397,4
43398,4
43416,2
43417,6
43418,3
43419,7
43426,30
43433,1
43434,3
43439,186
43444,6
43446,5
43465,57
43466,43
43467,44
43470,351
43483,22
43485,5
43506,7
43517,2
43521,5
43522,20
43523,113
43531,1
43532,5
43550,4
43551,5
43555,387
43556,124
43565,5
43566,5
43567,5
43568,81
43590,26
43591,146
43598,2
43600,44
43602,4
43603,2
43608,1394
43609,701
43626,9
43627,5
43628,5
43629,123
43682,4
43683,189
43684,2
43688,5
43689,5
43690,454
43691,31
43692,448
43693,30
43694,17
43702,2
43703,3
43704,3
43711,7
43722,6
43727,9
43729,2
43735,8
43741,11
43745,24
43746,5
43751,29
43755,26
43756,69
43760,18
43761,5
43762,15
43763,42
43767,63
43768,4
43771,9
43772,3
43774,4
43775,4
43778,4
43779,40
43780,2
43787,4
43791,19
43793,36
43814,46
43878,22
43917,4
43969,116
44025,10
44026,2
44037,77
44040,39
44041,4
44042,275
44044,227
44047,11
44048,2
44050,23
44055,59
44056,43
44059,189
44062,18
44064,10
44065,8
44067,9
44068,14
44069,98
44070,111
44071,7
44072,5
44073,4
44074,9
44075,4
44076,5
44078,2
44079,2
44081,32
44086,17
44087,356
44096,4
44097,19
44129,12
44141,106
44191,62
44192,46
44193,26
44194,20
44196,22
44200,503
44203,92
44204,459
44208,108
44211,16
44213,4
44218,14
44221,28
44225,4
44228,5
44233,5
44235,67
44236,48
44248,280
44274,26
44275,15
44276,135
44304,382
44387,22
44388,7
44389,6
44390,11
44406,6
44407,21
44408,5
44410,12
44411,6
44412,16
44511,567
44513,7
44516,56
44524,71
44583,50
44586,289
44587,2
44615,3
44616,12
44634,3
44752,8
44807,60
44848,4
44881,284
44931,436
44940,167
44942,249
44961,257
44983,351
45031,2
45040,3
45053,6
45055,52
45169,5
45195,3
45196,13
45207,7
45425,17
45444,3
45445,3
45447,3
45448,3
45486,194
45489,156
45518,10
45556,36
45557,13
45558,6
45560,41
45567,65
45572,413
45574,25
45577,63
45582,3
45583,4
45584,4
45585,17
45596,6
45598,242
45599,11
45600,7
45604,72
45607,3
45611,1
45612,4
45613,51
45614,5
45615,6
45616,5
45618,6
45620,15
45645,2
45649,12
45653,101
45658,27
45665,26
45731,19
45753,302
45782,38
45783,32
45961,39
45999,95
46000,16
46003,15
46004,15
46093,88
46095,149
46102,62
46118,196
46119,7
46352,63
46381,10
46420,190
46422,17
46431,462
46471,118
46488,34
46491,54
46569,69
46604,45
46630,4
46639,9
46652,3
46654,37
46701,29
46735,8
46821,5
46924,4
46925,4
46985,38
47044,10
47158,59
47159,39
47160,629
47161,40
47162,32
47163,34
47164,594
47194,27
47250,127
47257,50
47307,14
47391,27
47398,267
47402,21
47403,8
47405,10
47409,13
47410,1
47537,9
47591,61
47614,16
47616,269
47618,7
47623,1
47634,1
47639,39
47777,33
47778,973
47790,46
47792,20
47795,5
47917,14
48097,4
48171,17
48177,9
48239,21
48252,4
48316,43
48363,13
48365,1
48369,5
48374,3
48375,262
48405,71
48406,23
48409,7
48411,3
48413,607
48414,13
48415,6
48417,315
48418,66
48422,1
48425,2
48426,17
48438,136
48441,3
48442,2
48456,31
48466,1
48471,5
48483,12
48488,17
48491,4
